attribute,positive_count,threshold,f1_at_0.5,tuned_validation_f1,ap
Smiling,9602,0.63,0.929397319144582,0.932591932014898,0.9854667824351162
Mouth_Slightly_Open,9573,0.46,0.9411703020134228,0.9415326790561704,0.9868531680014093
Eyeglasses,1383,0.28,0.96996336996337,0.9739319333816076,0.9911400198826775
Bangs,2915,0.29,0.8505210204814948,0.8638935108153079,0.9349426479332528
Wearing_Hat,940,0.28,0.8943089430894309,0.9045120671563484,0.9614452280624176
Mustache,1003,0.12,0.42441860465116277,0.6540284360189573,0.6914983009819599
No_Beard,16338,0.65,0.9769819424699797,0.9776355880560634,0.9975762617742295
Black_Hair,4144,0.4,0.804603270745003,0.8080459770114943,0.8831217988749064
Bushy_Eyebrows,2831,0.29,0.6914760914760915,0.729148141561444,0.8073459417083434
Arched_Eyebrows,5134,0.35,0.721391516631065,0.7471080263392063,0.8129351829874519
High_Cheekbones,8926,0.57,0.8718537973298315,0.8758640067434673,0.9544153706514483
Bags_Under_Eyes,4121,0.25,0.5637020968908171,0.6305645752592437,0.6642714493060098
Big_Lips,3044,0.3,0.34828928498258555,0.421875,0.40350828482830026
Big_Nose,4943,0.15,0.5718379575354956,0.6733798089336431,0.7536462576299636
Double_Chin,975,0.19,0.5725646123260437,0.6375586854460094,0.7062086410472733
Oval_Face,5565,0.39,0.5364055299539171,0.5537126026972562,0.5877482630504851
Receding_Hairline,1429,0.31,0.5618359541011475,0.6264726264726265,0.6572190695198972
Blond_Hair,3056,0.53,0.8525909237206308,0.8534762833008447,0.9328319748461644
Brown_Hair,4793,0.3,0.6850062521314084,0.7129488158899924,0.7751913301027356
Gray_Hair,967,0.51,0.7922956793336804,0.7939011566771819,0.8572917871943564
Bald,411,0.22,0.6916666666666667,0.7552447552447552,0.8292644172540327
Straight_Hair,4085,0.39,0.6277225229762055,0.6467211304923824,0.6944672332562758
Wavy_Hair,5495,0.54,0.7768979170253055,0.7803498851387171,0.858974880524513
Sideburns,1367,0.42,0.7973124300111982,0.802438149874507,0.8983130039968924
