condition,group,samples,model,threshold_rule,macro_f1,attributes_without_positive_samples
clean_s0,nme_le_5_percent,8237,r18_seed0,frozen_thresholds,0.7636266161102236,0
clean_s0,nme_5_to_10_percent,10184,r18_seed0,frozen_thresholds,0.7569769004923833,0
clean_s0,nme_10_to_20_percent,1249,r18_seed0,frozen_thresholds,0.7062807391841878,0
clean_s0,nme_gt_20_percent,271,r18_seed0,frozen_thresholds,0.6445728584641429,0
clean_s0,detection_failure,21,r18_seed0,frozen_thresholds,0.2576884920634921,7
clean_s0,nme_le_5_percent,8237,r18_seed0,fixed_0_5,0.7307920697652883,0
clean_s0,nme_5_to_10_percent,10184,r18_seed0,fixed_0_5,0.7228322207725738,0
clean_s0,nme_10_to_20_percent,1249,r18_seed0,fixed_0_5,0.6538196014890053,0
clean_s0,nme_gt_20_percent,271,r18_seed0,fixed_0_5,0.6062433031269364,0
clean_s0,detection_failure,21,r18_seed0,fixed_0_5,0.24609010270774978,7
clean_s0,nme_le_5_percent,8237,r50_seed0,frozen_thresholds,0.7620375045891296,0
clean_s0,nme_5_to_10_percent,10184,r50_seed0,frozen_thresholds,0.7559779313088448,0
clean_s0,nme_10_to_20_percent,1249,r50_seed0,frozen_thresholds,0.7017307904921188,0
clean_s0,nme_gt_20_percent,271,r50_seed0,frozen_thresholds,0.6305882727995233,0
clean_s0,detection_failure,21,r50_seed0,frozen_thresholds,0.34047619047619043,7
clean_s0,nme_le_5_percent,8237,r50_seed0,fixed_0_5,0.7307758414276768,0
clean_s0,nme_5_to_10_percent,10184,r50_seed0,fixed_0_5,0.7231059120553885,0
clean_s0,nme_10_to_20_percent,1249,r50_seed0,fixed_0_5,0.6559299549038536,0
clean_s0,nme_gt_20_percent,271,r50_seed0,fixed_0_5,0.6136087544950267,0
clean_s0,detection_failure,21,r50_seed0,fixed_0_5,0.30714285714285716,7
clean_s0,nme_le_5_percent,8237,m3_seed0,frozen_thresholds,0.7654443537815784,0
clean_s0,nme_5_to_10_percent,10184,m3_seed0,frozen_thresholds,0.7560065907813921,0
clean_s0,nme_10_to_20_percent,1249,m3_seed0,frozen_thresholds,0.701452266913711,0
clean_s0,nme_gt_20_percent,271,m3_seed0,frozen_thresholds,0.6622754697905688,0
clean_s0,detection_failure,21,m3_seed0,frozen_thresholds,0.255952380952381,7
clean_s0,nme_le_5_percent,8237,m3_seed0,fixed_0_5,0.7441239781427154,0
clean_s0,nme_5_to_10_percent,10184,m3_seed0,fixed_0_5,0.735452051098534,0
clean_s0,nme_10_to_20_percent,1249,m3_seed0,fixed_0_5,0.6730801149943227,0
clean_s0,nme_gt_20_percent,271,m3_seed0,fixed_0_5,0.6307099533673707,0
clean_s0,detection_failure,21,m3_seed0,fixed_0_5,0.2360410830999066,7
clean_s0,nme_le_5_percent,8237,oracle_seed0,frozen_thresholds,0.7631876833219445,0
clean_s0,nme_5_to_10_percent,10184,oracle_seed0,frozen_thresholds,0.7553283370949072,0
clean_s0,nme_10_to_20_percent,1249,oracle_seed0,frozen_thresholds,0.7002304101519682,0
clean_s0,nme_gt_20_percent,271,oracle_seed0,frozen_thresholds,0.6545617478216864,0
clean_s0,detection_failure,21,oracle_seed0,frozen_thresholds,0.23400974025974022,7
clean_s0,nme_le_5_percent,8237,oracle_seed0,fixed_0_5,0.7503659506206476,0
clean_s0,nme_5_to_10_percent,10184,oracle_seed0,fixed_0_5,0.7384792436120868,0
clean_s0,nme_10_to_20_percent,1249,oracle_seed0,fixed_0_5,0.6800925829227692,0
clean_s0,nme_gt_20_percent,271,oracle_seed0,fixed_0_5,0.6371712367939697,0
clean_s0,detection_failure,21,oracle_seed0,fixed_0_5,0.2182043650793651,7
blur_s1,nme_le_5_percent,7537,r18_seed0,frozen_thresholds,0.723840105692053,0
blur_s1,nme_5_to_10_percent,10728,r18_seed0,frozen_thresholds,0.7186761838523816,0
blur_s1,nme_10_to_20_percent,1409,r18_seed0,frozen_thresholds,0.6703858480003424,0
blur_s1,nme_gt_20_percent,263,r18_seed0,frozen_thresholds,0.5763928284573951,0
blur_s1,detection_failure,25,r18_seed0,frozen_thresholds,0.3361351611351611,7
blur_s1,nme_le_5_percent,7537,r18_seed0,fixed_0_5,0.6577693364790343,0
blur_s1,nme_5_to_10_percent,10728,r18_seed0,fixed_0_5,0.6508678359003433,0
blur_s1,nme_10_to_20_percent,1409,r18_seed0,fixed_0_5,0.5876136200102464,0
blur_s1,nme_gt_20_percent,263,r18_seed0,fixed_0_5,0.4837915199692889,0
blur_s1,detection_failure,25,r18_seed0,fixed_0_5,0.2817460317460317,7
blur_s1,nme_le_5_percent,7537,r50_seed0,frozen_thresholds,0.7226785255440472,0
blur_s1,nme_5_to_10_percent,10728,r50_seed0,frozen_thresholds,0.7152856134609681,0
blur_s1,nme_10_to_20_percent,1409,r50_seed0,frozen_thresholds,0.6606339411781859,0
blur_s1,nme_gt_20_percent,263,r50_seed0,frozen_thresholds,0.5744155424522323,0
blur_s1,detection_failure,25,r50_seed0,frozen_thresholds,0.32738095238095233,7
blur_s1,nme_le_5_percent,7537,r50_seed0,fixed_0_5,0.6581575904145295,0
blur_s1,nme_5_to_10_percent,10728,r50_seed0,fixed_0_5,0.6472278612654311,0
blur_s1,nme_10_to_20_percent,1409,r50_seed0,fixed_0_5,0.5820068361112016,0
blur_s1,nme_gt_20_percent,263,r50_seed0,fixed_0_5,0.4811512893805305,0
blur_s1,detection_failure,25,r50_seed0,fixed_0_5,0.289484126984127,7
blur_s1,nme_le_5_percent,7537,m3_seed0,frozen_thresholds,0.7125028006371704,0
blur_s1,nme_5_to_10_percent,10728,m3_seed0,frozen_thresholds,0.7102403885552214,0
blur_s1,nme_10_to_20_percent,1409,m3_seed0,frozen_thresholds,0.6545438786415277,0
blur_s1,nme_gt_20_percent,263,m3_seed0,frozen_thresholds,0.5876953934932247,0
blur_s1,detection_failure,25,m3_seed0,frozen_thresholds,0.2813401875901876,7
blur_s1,nme_le_5_percent,7537,m3_seed0,fixed_0_5,0.6660480524847585,0
blur_s1,nme_5_to_10_percent,10728,m3_seed0,fixed_0_5,0.6595861503212411,0
blur_s1,nme_10_to_20_percent,1409,m3_seed0,fixed_0_5,0.6021883565146363,0
blur_s1,nme_gt_20_percent,263,m3_seed0,fixed_0_5,0.5159531869147538,0
blur_s1,detection_failure,25,m3_seed0,fixed_0_5,0.26298701298701294,7
blur_s1,nme_le_5_percent,7537,oracle_seed0,frozen_thresholds,0.7305003010664505,0
blur_s1,nme_5_to_10_percent,10728,oracle_seed0,frozen_thresholds,0.7211681325051199,0
blur_s1,nme_10_to_20_percent,1409,oracle_seed0,frozen_thresholds,0.6679487252248277,0
blur_s1,nme_gt_20_percent,263,oracle_seed0,frozen_thresholds,0.5679999496309359,0
blur_s1,detection_failure,25,oracle_seed0,frozen_thresholds,0.2433231819859727,7
blur_s1,nme_le_5_percent,7537,oracle_seed0,fixed_0_5,0.6916119561625232,0
blur_s1,nme_5_to_10_percent,10728,oracle_seed0,fixed_0_5,0.680818154344394,0
blur_s1,nme_10_to_20_percent,1409,oracle_seed0,fixed_0_5,0.6160051166822799,0
blur_s1,nme_gt_20_percent,263,oracle_seed0,fixed_0_5,0.517056452294644,0
blur_s1,detection_failure,25,oracle_seed0,fixed_0_5,0.26425572166851236,7
blur_s2,nme_le_5_percent,5355,r18_seed0,frozen_thresholds,0.5378708004647206,0
blur_s2,nme_5_to_10_percent,12168,r18_seed0,frozen_thresholds,0.530446420165901,0
blur_s2,nme_10_to_20_percent,2073,r18_seed0,frozen_thresholds,0.4707834712388744,0
blur_s2,nme_gt_20_percent,334,r18_seed0,frozen_thresholds,0.3780314721394551,0
blur_s2,detection_failure,32,r18_seed0,frozen_thresholds,0.17900385433280172,4
blur_s2,nme_le_5_percent,5355,r18_seed0,fixed_0_5,0.46161597484546885,0
blur_s2,nme_5_to_10_percent,12168,r18_seed0,fixed_0_5,0.4473200062737992,0
blur_s2,nme_10_to_20_percent,2073,r18_seed0,fixed_0_5,0.39224740079816217,0
blur_s2,nme_gt_20_percent,334,r18_seed0,fixed_0_5,0.3179816853825526,0
blur_s2,detection_failure,32,r18_seed0,fixed_0_5,0.1788105413105413,4
blur_s2,nme_le_5_percent,5355,r50_seed0,frozen_thresholds,0.546367528380701,0
blur_s2,nme_5_to_10_percent,12168,r50_seed0,frozen_thresholds,0.5351766207378729,0
blur_s2,nme_10_to_20_percent,2073,r50_seed0,frozen_thresholds,0.4723289810870985,0
blur_s2,nme_gt_20_percent,334,r50_seed0,frozen_thresholds,0.36843646658253304,0
blur_s2,detection_failure,32,r50_seed0,frozen_thresholds,0.2742907316183178,4
blur_s2,nme_le_5_percent,5355,r50_seed0,fixed_0_5,0.46527149671980944,0
blur_s2,nme_5_to_10_percent,12168,r50_seed0,fixed_0_5,0.4462524744396655,0
blur_s2,nme_10_to_20_percent,2073,r50_seed0,fixed_0_5,0.3939055115248284,0
blur_s2,nme_gt_20_percent,334,r50_seed0,fixed_0_5,0.2913939455245825,0
blur_s2,detection_failure,32,r50_seed0,fixed_0_5,0.18595339845339845,4
blur_s2,nme_le_5_percent,5355,m3_seed0,frozen_thresholds,0.5368246363868934,0
blur_s2,nme_5_to_10_percent,12168,m3_seed0,frozen_thresholds,0.5219671853422059,0
blur_s2,nme_10_to_20_percent,2073,m3_seed0,frozen_thresholds,0.4614734371835443,0
blur_s2,nme_gt_20_percent,334,m3_seed0,frozen_thresholds,0.36850492632679316,0
blur_s2,detection_failure,32,m3_seed0,frozen_thresholds,0.22122296605055225,4
blur_s2,nme_le_5_percent,5355,m3_seed0,fixed_0_5,0.47964850805011155,0
blur_s2,nme_5_to_10_percent,12168,m3_seed0,fixed_0_5,0.4632351754523283,0
blur_s2,nme_10_to_20_percent,2073,m3_seed0,fixed_0_5,0.40063687115726904,0
blur_s2,nme_gt_20_percent,334,m3_seed0,fixed_0_5,0.3242461723560651,0
blur_s2,detection_failure,32,m3_seed0,fixed_0_5,0.16486612844371465,4
blur_s2,nme_le_5_percent,5355,oracle_seed0,frozen_thresholds,0.5645130654098606,0
blur_s2,nme_5_to_10_percent,12168,oracle_seed0,frozen_thresholds,0.5519739157564585,0
blur_s2,nme_10_to_20_percent,2073,oracle_seed0,frozen_thresholds,0.4897514656885928,0
blur_s2,nme_gt_20_percent,334,oracle_seed0,frozen_thresholds,0.3842908269064522,0
blur_s2,detection_failure,32,oracle_seed0,frozen_thresholds,0.27201617826617824,4
blur_s2,nme_le_5_percent,5355,oracle_seed0,fixed_0_5,0.5057541151925874,0
blur_s2,nme_5_to_10_percent,12168,oracle_seed0,fixed_0_5,0.49481324145889266,0
blur_s2,nme_10_to_20_percent,2073,oracle_seed0,fixed_0_5,0.43013759913081007,0
blur_s2,nme_gt_20_percent,334,oracle_seed0,fixed_0_5,0.3051733229498546,0
blur_s2,detection_failure,32,oracle_seed0,fixed_0_5,0.24468355718355717,4
blur_s3,nme_le_5_percent,3118,r18_seed0,frozen_thresholds,0.3366962986920871,0
blur_s3,nme_5_to_10_percent,12348,r18_seed0,frozen_thresholds,0.31123497251660154,0
blur_s3,nme_10_to_20_percent,3872,r18_seed0,frozen_thresholds,0.28716848616078394,0
blur_s3,nme_gt_20_percent,551,r18_seed0,frozen_thresholds,0.22918567330370676,0
blur_s3,detection_failure,73,r18_seed0,frozen_thresholds,0.1462722373073699,2
blur_s3,nme_le_5_percent,3118,r18_seed0,fixed_0_5,0.27207868191092005,0
blur_s3,nme_5_to_10_percent,12348,r18_seed0,fixed_0_5,0.2589828593850118,0
blur_s3,nme_10_to_20_percent,3872,r18_seed0,fixed_0_5,0.2335542313071716,0
blur_s3,nme_gt_20_percent,551,r18_seed0,fixed_0_5,0.17490340360115264,0
blur_s3,detection_failure,73,r18_seed0,fixed_0_5,0.10106663651439769,2
blur_s3,nme_le_5_percent,3118,r50_seed0,frozen_thresholds,0.3354048038617637,0
blur_s3,nme_5_to_10_percent,12348,r50_seed0,frozen_thresholds,0.30839036699917094,0
blur_s3,nme_10_to_20_percent,3872,r50_seed0,frozen_thresholds,0.28321945694905765,0
blur_s3,nme_gt_20_percent,551,r50_seed0,frozen_thresholds,0.21747221661152208,0
blur_s3,detection_failure,73,r50_seed0,frozen_thresholds,0.160546200160628,2
blur_s3,nme_le_5_percent,3118,r50_seed0,fixed_0_5,0.2742090065617835,0
blur_s3,nme_5_to_10_percent,12348,r50_seed0,fixed_0_5,0.25463119621547947,0
blur_s3,nme_10_to_20_percent,3872,r50_seed0,fixed_0_5,0.22747761206706307,0
blur_s3,nme_gt_20_percent,551,r50_seed0,fixed_0_5,0.18814534900240268,0
blur_s3,detection_failure,73,r50_seed0,fixed_0_5,0.1449244695026655,2
blur_s3,nme_le_5_percent,3118,m3_seed0,frozen_thresholds,0.3045959650043109,0
blur_s3,nme_5_to_10_percent,12348,m3_seed0,frozen_thresholds,0.28568779787093784,0
blur_s3,nme_10_to_20_percent,3872,m3_seed0,frozen_thresholds,0.2540765324961452,0
blur_s3,nme_gt_20_percent,551,m3_seed0,frozen_thresholds,0.17878475707894892,0
blur_s3,detection_failure,73,m3_seed0,frozen_thresholds,0.10783924986595843,2
blur_s3,nme_le_5_percent,3118,m3_seed0,fixed_0_5,0.2626982973805864,0
blur_s3,nme_5_to_10_percent,12348,m3_seed0,fixed_0_5,0.24798701855454416,0
blur_s3,nme_10_to_20_percent,3872,m3_seed0,fixed_0_5,0.22132035658466864,0
blur_s3,nme_gt_20_percent,551,m3_seed0,fixed_0_5,0.1551006263086858,0
blur_s3,detection_failure,73,m3_seed0,fixed_0_5,0.09803391053391053,2
blur_s3,nme_le_5_percent,3118,oracle_seed0,frozen_thresholds,0.34418156424800256,0
blur_s3,nme_5_to_10_percent,12348,oracle_seed0,frozen_thresholds,0.32691995116069733,0
blur_s3,nme_10_to_20_percent,3872,oracle_seed0,frozen_thresholds,0.29068351263409586,0
blur_s3,nme_gt_20_percent,551,oracle_seed0,frozen_thresholds,0.21042223144150665,0
blur_s3,detection_failure,73,oracle_seed0,frozen_thresholds,0.1480074753478627,2
blur_s3,nme_le_5_percent,3118,oracle_seed0,fixed_0_5,0.2878118696154582,0
blur_s3,nme_5_to_10_percent,12348,oracle_seed0,fixed_0_5,0.2781317137894559,0
blur_s3,nme_10_to_20_percent,3872,oracle_seed0,fixed_0_5,0.2427857381677779,0
blur_s3,nme_gt_20_percent,551,oracle_seed0,fixed_0_5,0.1713352792041555,0
blur_s3,detection_failure,73,oracle_seed0,fixed_0_5,0.09422799422799422,2
blur_s4,nme_le_5_percent,1642,r18_seed0,frozen_thresholds,0.14525141290059249,0
blur_s4,nme_5_to_10_percent,10537,r18_seed0,frozen_thresholds,0.16230223164207722,0
blur_s4,nme_10_to_20_percent,6373,r18_seed0,frozen_thresholds,0.15580233695924892,0
blur_s4,nme_gt_20_percent,1220,r18_seed0,frozen_thresholds,0.14730996795913154,0
blur_s4,detection_failure,190,r18_seed0,frozen_thresholds,0.105264912483034,0
blur_s4,nme_le_5_percent,1642,r18_seed0,fixed_0_5,0.11828446405386712,0
blur_s4,nme_5_to_10_percent,10537,r18_seed0,fixed_0_5,0.11747997736823114,0
blur_s4,nme_10_to_20_percent,6373,r18_seed0,fixed_0_5,0.11440560046439135,0
blur_s4,nme_gt_20_percent,1220,r18_seed0,fixed_0_5,0.09861848534415156,0
blur_s4,detection_failure,190,r18_seed0,fixed_0_5,0.08645009424270543,0
blur_s4,nme_le_5_percent,1642,r50_seed0,frozen_thresholds,0.1782645785920626,0
blur_s4,nme_5_to_10_percent,10537,r50_seed0,frozen_thresholds,0.1833588336594106,0
blur_s4,nme_10_to_20_percent,6373,r50_seed0,frozen_thresholds,0.16859160572601253,0
blur_s4,nme_gt_20_percent,1220,r50_seed0,frozen_thresholds,0.14376125351428634,0
blur_s4,detection_failure,190,r50_seed0,frozen_thresholds,0.11309908487822407,0
blur_s4,nme_le_5_percent,1642,r50_seed0,fixed_0_5,0.12803618112904777,0
blur_s4,nme_5_to_10_percent,10537,r50_seed0,fixed_0_5,0.14035252066647405,0
blur_s4,nme_10_to_20_percent,6373,r50_seed0,fixed_0_5,0.1332975046794568,0
blur_s4,nme_gt_20_percent,1220,r50_seed0,fixed_0_5,0.11614604051558743,0
blur_s4,detection_failure,190,r50_seed0,fixed_0_5,0.08831813211522548,0
blur_s4,nme_le_5_percent,1642,m3_seed0,frozen_thresholds,0.122608917909026,0
blur_s4,nme_5_to_10_percent,10537,m3_seed0,frozen_thresholds,0.12861634672103436,0
blur_s4,nme_10_to_20_percent,6373,m3_seed0,frozen_thresholds,0.11800402942754641,0
blur_s4,nme_gt_20_percent,1220,m3_seed0,frozen_thresholds,0.10504840039812939,0
blur_s4,detection_failure,190,m3_seed0,frozen_thresholds,0.07933707035445757,0
blur_s4,nme_le_5_percent,1642,m3_seed0,fixed_0_5,0.10495938009048232,0
blur_s4,nme_5_to_10_percent,10537,m3_seed0,fixed_0_5,0.11218953515220444,0
blur_s4,nme_10_to_20_percent,6373,m3_seed0,fixed_0_5,0.10507905386122918,0
blur_s4,nme_gt_20_percent,1220,m3_seed0,fixed_0_5,0.09531014503795766,0
blur_s4,detection_failure,190,m3_seed0,fixed_0_5,0.07226334814526737,0
blur_s4,nme_le_5_percent,1642,oracle_seed0,frozen_thresholds,0.14963321682653583,0
blur_s4,nme_5_to_10_percent,10537,oracle_seed0,frozen_thresholds,0.15464352147302388,0
blur_s4,nme_10_to_20_percent,6373,oracle_seed0,frozen_thresholds,0.15077100980340985,0
blur_s4,nme_gt_20_percent,1220,oracle_seed0,frozen_thresholds,0.12930257905974354,0
blur_s4,detection_failure,190,oracle_seed0,frozen_thresholds,0.09202661389687601,0
blur_s4,nme_le_5_percent,1642,oracle_seed0,fixed_0_5,0.11202465054995463,0
blur_s4,nme_5_to_10_percent,10537,oracle_seed0,fixed_0_5,0.1125627219843721,0
blur_s4,nme_10_to_20_percent,6373,oracle_seed0,fixed_0_5,0.10684042477786108,0
blur_s4,nme_gt_20_percent,1220,oracle_seed0,fixed_0_5,0.08993943663669111,0
blur_s4,detection_failure,190,oracle_seed0,fixed_0_5,0.05858844460994999,0
brightness_s1,nme_le_5_percent,8000,r18_seed0,frozen_thresholds,0.7633821079481803,0
brightness_s1,nme_5_to_10_percent,10417,r18_seed0,frozen_thresholds,0.7517143117816207,0
brightness_s1,nme_10_to_20_percent,1269,r18_seed0,frozen_thresholds,0.7029885997588424,0
brightness_s1,nme_gt_20_percent,254,r18_seed0,frozen_thresholds,0.6436964203136551,0
brightness_s1,detection_failure,22,r18_seed0,frozen_thresholds,0.27032685881370094,7
brightness_s1,nme_le_5_percent,8000,r18_seed0,fixed_0_5,0.7212923571378257,0
brightness_s1,nme_5_to_10_percent,10417,r18_seed0,fixed_0_5,0.7155584514199059,0
brightness_s1,nme_10_to_20_percent,1269,r18_seed0,fixed_0_5,0.649993316759611,0
brightness_s1,nme_gt_20_percent,254,r18_seed0,fixed_0_5,0.5661638448116705,0
brightness_s1,detection_failure,22,r18_seed0,fixed_0_5,0.2503205128205128,7
brightness_s1,nme_le_5_percent,8000,r50_seed0,frozen_thresholds,0.763050090632429,0
brightness_s1,nme_5_to_10_percent,10417,r50_seed0,frozen_thresholds,0.7505521736328543,0
brightness_s1,nme_10_to_20_percent,1269,r50_seed0,frozen_thresholds,0.7107833772943205,0
brightness_s1,nme_gt_20_percent,254,r50_seed0,frozen_thresholds,0.6140376821358936,0
brightness_s1,detection_failure,22,r50_seed0,frozen_thresholds,0.3558760683760684,7
brightness_s1,nme_le_5_percent,8000,r50_seed0,fixed_0_5,0.7268099432282765,0
brightness_s1,nme_5_to_10_percent,10417,r50_seed0,fixed_0_5,0.7181111652404278,0
brightness_s1,nme_10_to_20_percent,1269,r50_seed0,fixed_0_5,0.6600993175959825,0
brightness_s1,nme_gt_20_percent,254,r50_seed0,fixed_0_5,0.5601492474652497,0
brightness_s1,detection_failure,22,r50_seed0,fixed_0_5,0.3104215229215229,7
brightness_s1,nme_le_5_percent,8000,m3_seed0,frozen_thresholds,0.7645847105319836,0
brightness_s1,nme_5_to_10_percent,10417,m3_seed0,frozen_thresholds,0.7526728021339025,0
brightness_s1,nme_10_to_20_percent,1269,m3_seed0,frozen_thresholds,0.6982815701466755,0
brightness_s1,nme_gt_20_percent,254,m3_seed0,frozen_thresholds,0.6431545275989036,0
brightness_s1,detection_failure,22,m3_seed0,frozen_thresholds,0.22856125356125356,7
brightness_s1,nme_le_5_percent,8000,m3_seed0,fixed_0_5,0.7463913733440046,0
brightness_s1,nme_5_to_10_percent,10417,m3_seed0,fixed_0_5,0.7339324871673988,0
brightness_s1,nme_10_to_20_percent,1269,m3_seed0,fixed_0_5,0.671525559759479,0
brightness_s1,nme_gt_20_percent,254,m3_seed0,fixed_0_5,0.5946105690777899,0
brightness_s1,detection_failure,22,m3_seed0,fixed_0_5,0.23226495726495724,7
brightness_s1,nme_le_5_percent,8000,oracle_seed0,frozen_thresholds,0.7589690082424774,0
brightness_s1,nme_5_to_10_percent,10417,oracle_seed0,frozen_thresholds,0.7486938140794442,0
brightness_s1,nme_10_to_20_percent,1269,oracle_seed0,frozen_thresholds,0.7028920938558357,0
brightness_s1,nme_gt_20_percent,254,oracle_seed0,frozen_thresholds,0.656350630707594,0
brightness_s1,detection_failure,22,oracle_seed0,frozen_thresholds,0.23297115895800105,7
brightness_s1,nme_le_5_percent,8000,oracle_seed0,fixed_0_5,0.7443657829723639,0
brightness_s1,nme_5_to_10_percent,10417,oracle_seed0,fixed_0_5,0.7314522364876218,0
brightness_s1,nme_10_to_20_percent,1269,oracle_seed0,fixed_0_5,0.6723809757098262,0
brightness_s1,nme_gt_20_percent,254,oracle_seed0,fixed_0_5,0.6216820692023524,0
brightness_s1,detection_failure,22,oracle_seed0,fixed_0_5,0.23168147641831852,7
brightness_s2,nme_le_5_percent,7248,r18_seed0,frozen_thresholds,0.753886663523962,0
brightness_s2,nme_5_to_10_percent,10987,r18_seed0,frozen_thresholds,0.7429818528096414,0
brightness_s2,nme_10_to_20_percent,1408,r18_seed0,frozen_thresholds,0.704149434277249,0
brightness_s2,nme_gt_20_percent,284,r18_seed0,frozen_thresholds,0.6181560761168935,0
brightness_s2,detection_failure,35,r18_seed0,frozen_thresholds,0.4150613275613276,3
brightness_s2,nme_le_5_percent,7248,r18_seed0,fixed_0_5,0.705040376695651,0
brightness_s2,nme_5_to_10_percent,10987,r18_seed0,fixed_0_5,0.6965520273999947,0
brightness_s2,nme_10_to_20_percent,1408,r18_seed0,fixed_0_5,0.6351082685086405,0
brightness_s2,nme_gt_20_percent,284,r18_seed0,fixed_0_5,0.5633474056064958,0
brightness_s2,detection_failure,35,r18_seed0,fixed_0_5,0.36483718487394956,3
brightness_s2,nme_le_5_percent,7248,r50_seed0,frozen_thresholds,0.7533572509811445,0
brightness_s2,nme_5_to_10_percent,10987,r50_seed0,frozen_thresholds,0.7455430909417177,0
brightness_s2,nme_10_to_20_percent,1408,r50_seed0,frozen_thresholds,0.7045196853295006,0
brightness_s2,nme_gt_20_percent,284,r50_seed0,frozen_thresholds,0.6117503898426683,0
brightness_s2,detection_failure,35,r50_seed0,frozen_thresholds,0.45413209475709476,3
brightness_s2,nme_le_5_percent,7248,r50_seed0,fixed_0_5,0.7145258711138972,0
brightness_s2,nme_5_to_10_percent,10987,r50_seed0,fixed_0_5,0.7079661657358539,0
brightness_s2,nme_10_to_20_percent,1408,r50_seed0,fixed_0_5,0.6486107924625438,0
brightness_s2,nme_gt_20_percent,284,r50_seed0,fixed_0_5,0.5684349706333057,0
brightness_s2,detection_failure,35,r50_seed0,fixed_0_5,0.3871725224666401,3
brightness_s2,nme_le_5_percent,7248,m3_seed0,frozen_thresholds,0.7573892079907422,0
brightness_s2,nme_5_to_10_percent,10987,m3_seed0,frozen_thresholds,0.7453025218456482,0
brightness_s2,nme_10_to_20_percent,1408,m3_seed0,frozen_thresholds,0.7043370237814424,0
brightness_s2,nme_gt_20_percent,284,m3_seed0,frozen_thresholds,0.6450027632566764,0
brightness_s2,detection_failure,35,m3_seed0,frozen_thresholds,0.37855940355940354,3
brightness_s2,nme_le_5_percent,7248,m3_seed0,fixed_0_5,0.736895460520708,0
brightness_s2,nme_5_to_10_percent,10987,m3_seed0,fixed_0_5,0.723761571872178,0
brightness_s2,nme_10_to_20_percent,1408,m3_seed0,fixed_0_5,0.671604905575196,0
brightness_s2,nme_gt_20_percent,284,m3_seed0,fixed_0_5,0.6079004835895424,0
brightness_s2,detection_failure,35,m3_seed0,fixed_0_5,0.3542989417989418,3
brightness_s2,nme_le_5_percent,7248,oracle_seed0,frozen_thresholds,0.7502331057998072,0
brightness_s2,nme_5_to_10_percent,10987,oracle_seed0,frozen_thresholds,0.7395517912493504,0
brightness_s2,nme_10_to_20_percent,1408,oracle_seed0,frozen_thresholds,0.6986243001121505,0
brightness_s2,nme_gt_20_percent,284,oracle_seed0,frozen_thresholds,0.6346864176225688,0
brightness_s2,detection_failure,35,oracle_seed0,frozen_thresholds,0.44578107142973905,3
brightness_s2,nme_le_5_percent,7248,oracle_seed0,fixed_0_5,0.7256211029494078,0
brightness_s2,nme_5_to_10_percent,10987,oracle_seed0,fixed_0_5,0.7163331677157473,0
brightness_s2,nme_10_to_20_percent,1408,oracle_seed0,fixed_0_5,0.6653106921733731,0
brightness_s2,nme_gt_20_percent,284,oracle_seed0,fixed_0_5,0.5948623608063748,0
brightness_s2,detection_failure,35,oracle_seed0,fixed_0_5,0.4115323340560017,3
brightness_s3,nme_le_5_percent,5276,r18_seed0,frozen_thresholds,0.7178178162239552,0
brightness_s3,nme_5_to_10_percent,12319,r18_seed0,frozen_thresholds,0.721004995654008,0
brightness_s3,nme_10_to_20_percent,1964,r18_seed0,frozen_thresholds,0.6784990754976237,0
brightness_s3,nme_gt_20_percent,326,r18_seed0,frozen_thresholds,0.5921926156120005,0
brightness_s3,detection_failure,77,r18_seed0,frozen_thresholds,0.4763049043083368,2
brightness_s3,nme_le_5_percent,5276,r18_seed0,fixed_0_5,0.6544951292428681,0
brightness_s3,nme_5_to_10_percent,12319,r18_seed0,fixed_0_5,0.6515800835299542,0
brightness_s3,nme_10_to_20_percent,1964,r18_seed0,fixed_0_5,0.601764491241468,0
brightness_s3,nme_gt_20_percent,326,r18_seed0,fixed_0_5,0.5101370423498635,0
brightness_s3,detection_failure,77,r18_seed0,fixed_0_5,0.38359075353497546,2
brightness_s3,nme_le_5_percent,5276,r50_seed0,frozen_thresholds,0.7313172347939355,0
brightness_s3,nme_5_to_10_percent,12319,r50_seed0,frozen_thresholds,0.7331805951454159,0
brightness_s3,nme_10_to_20_percent,1964,r50_seed0,frozen_thresholds,0.6884994249552484,0
brightness_s3,nme_gt_20_percent,326,r50_seed0,frozen_thresholds,0.6020722870324867,0
brightness_s3,detection_failure,77,r50_seed0,frozen_thresholds,0.48017113858274163,2
brightness_s3,nme_le_5_percent,5276,r50_seed0,fixed_0_5,0.6800707227434067,0
brightness_s3,nme_5_to_10_percent,12319,r50_seed0,fixed_0_5,0.6842923236265871,0
brightness_s3,nme_10_to_20_percent,1964,r50_seed0,fixed_0_5,0.626671936407842,0
brightness_s3,nme_gt_20_percent,326,r50_seed0,fixed_0_5,0.5261507304715197,0
brightness_s3,detection_failure,77,r50_seed0,fixed_0_5,0.4210457135152876,2
brightness_s3,nme_le_5_percent,5276,m3_seed0,frozen_thresholds,0.7271285509538802,0
brightness_s3,nme_5_to_10_percent,12319,m3_seed0,frozen_thresholds,0.7291333558617232,0
brightness_s3,nme_10_to_20_percent,1964,m3_seed0,frozen_thresholds,0.6844424673916892,0
brightness_s3,nme_gt_20_percent,326,m3_seed0,frozen_thresholds,0.5966608298629688,0
brightness_s3,detection_failure,77,m3_seed0,frozen_thresholds,0.48290393603910137,2
brightness_s3,nme_le_5_percent,5276,m3_seed0,fixed_0_5,0.6958173395830096,0
brightness_s3,nme_5_to_10_percent,12319,m3_seed0,fixed_0_5,0.696622384617649,0
brightness_s3,nme_10_to_20_percent,1964,m3_seed0,fixed_0_5,0.6445971570887375,0
brightness_s3,nme_gt_20_percent,326,m3_seed0,fixed_0_5,0.530231941858789,0
brightness_s3,detection_failure,77,m3_seed0,fixed_0_5,0.41318623926573145,2
brightness_s3,nme_le_5_percent,5276,oracle_seed0,frozen_thresholds,0.7107601526034332,0
brightness_s3,nme_5_to_10_percent,12319,oracle_seed0,frozen_thresholds,0.7191241709890918,0
brightness_s3,nme_10_to_20_percent,1964,oracle_seed0,frozen_thresholds,0.6779684680510428,0
brightness_s3,nme_gt_20_percent,326,oracle_seed0,frozen_thresholds,0.5986555227727767,0
brightness_s3,detection_failure,77,oracle_seed0,frozen_thresholds,0.4479461328145538,2
brightness_s3,nme_le_5_percent,5276,oracle_seed0,fixed_0_5,0.6707774164775714,0
brightness_s3,nme_5_to_10_percent,12319,oracle_seed0,fixed_0_5,0.6776829966574521,0
brightness_s3,nme_10_to_20_percent,1964,oracle_seed0,fixed_0_5,0.6286732036577268,0
brightness_s3,nme_gt_20_percent,326,oracle_seed0,fixed_0_5,0.5020170954105794,0
brightness_s3,detection_failure,77,oracle_seed0,fixed_0_5,0.3850220716174664,2
brightness_s4,nme_le_5_percent,1669,r18_seed0,frozen_thresholds,0.5679425076350698,0
brightness_s4,nme_5_to_10_percent,11664,r18_seed0,frozen_thresholds,0.5845249396243694,0
brightness_s4,nme_10_to_20_percent,5485,r18_seed0,frozen_thresholds,0.5749819965362032,0
brightness_s4,nme_gt_20_percent,726,r18_seed0,frozen_thresholds,0.4937204042814276,0
brightness_s4,detection_failure,418,r18_seed0,frozen_thresholds,0.42269660137265946,0
brightness_s4,nme_le_5_percent,1669,r18_seed0,fixed_0_5,0.46326976189385477,0
brightness_s4,nme_5_to_10_percent,11664,r18_seed0,fixed_0_5,0.48703461444050794,0
brightness_s4,nme_10_to_20_percent,5485,r18_seed0,fixed_0_5,0.4708341658004782,0
brightness_s4,nme_gt_20_percent,726,r18_seed0,fixed_0_5,0.3843962518526984,0
brightness_s4,detection_failure,418,r18_seed0,fixed_0_5,0.3363257496581698,0
brightness_s4,nme_le_5_percent,1669,r50_seed0,frozen_thresholds,0.6381846596789881,0
brightness_s4,nme_5_to_10_percent,11664,r50_seed0,frozen_thresholds,0.6558423646672279,0
brightness_s4,nme_10_to_20_percent,5485,r50_seed0,frozen_thresholds,0.643950998575981,0
brightness_s4,nme_gt_20_percent,726,r50_seed0,frozen_thresholds,0.5594595539110413,0
brightness_s4,detection_failure,418,r50_seed0,frozen_thresholds,0.5108682420402385,0
brightness_s4,nme_le_5_percent,1669,r50_seed0,fixed_0_5,0.5573717810554298,0
brightness_s4,nme_5_to_10_percent,11664,r50_seed0,fixed_0_5,0.5718689166137888,0
brightness_s4,nme_10_to_20_percent,5485,r50_seed0,fixed_0_5,0.5620803136786604,0
brightness_s4,nme_gt_20_percent,726,r50_seed0,fixed_0_5,0.45538685920666994,0
brightness_s4,detection_failure,418,r50_seed0,fixed_0_5,0.4211754289793426,0
brightness_s4,nme_le_5_percent,1669,m3_seed0,frozen_thresholds,0.5905425543998087,0
brightness_s4,nme_5_to_10_percent,11664,m3_seed0,frozen_thresholds,0.6078922441763145,0
brightness_s4,nme_10_to_20_percent,5485,m3_seed0,frozen_thresholds,0.5976597585456359,0
brightness_s4,nme_gt_20_percent,726,m3_seed0,frozen_thresholds,0.4885627311305288,0
brightness_s4,detection_failure,418,m3_seed0,frozen_thresholds,0.4323796471894343,0
brightness_s4,nme_le_5_percent,1669,m3_seed0,fixed_0_5,0.5234869856210039,0
brightness_s4,nme_5_to_10_percent,11664,m3_seed0,fixed_0_5,0.539620734464696,0
brightness_s4,nme_10_to_20_percent,5485,m3_seed0,fixed_0_5,0.5268779398667515,0
brightness_s4,nme_gt_20_percent,726,m3_seed0,fixed_0_5,0.4244043661794599,0
brightness_s4,detection_failure,418,m3_seed0,fixed_0_5,0.3655975096201734,0
brightness_s4,nme_le_5_percent,1669,oracle_seed0,frozen_thresholds,0.591116734091689,0
brightness_s4,nme_5_to_10_percent,11664,oracle_seed0,frozen_thresholds,0.5959926125744748,0
brightness_s4,nme_10_to_20_percent,5485,oracle_seed0,frozen_thresholds,0.5823601025488959,0
brightness_s4,nme_gt_20_percent,726,oracle_seed0,frozen_thresholds,0.4765994713779412,0
brightness_s4,detection_failure,418,oracle_seed0,frozen_thresholds,0.4190443342608002,0
brightness_s4,nme_le_5_percent,1669,oracle_seed0,fixed_0_5,0.5277398811291225,0
brightness_s4,nme_5_to_10_percent,11664,oracle_seed0,fixed_0_5,0.5259125773964034,0
brightness_s4,nme_10_to_20_percent,5485,oracle_seed0,fixed_0_5,0.5079584273236817,0
brightness_s4,nme_gt_20_percent,726,oracle_seed0,fixed_0_5,0.4152839026522494,0
brightness_s4,detection_failure,418,oracle_seed0,fixed_0_5,0.3673671147017643,0
rotation_s1,nme_le_5_percent,8144,r18_seed0,frozen_thresholds,0.7517886119586291,0
rotation_s1,nme_5_to_10_percent,10235,r18_seed0,frozen_thresholds,0.7407973553585318,0
rotation_s1,nme_10_to_20_percent,1289,r18_seed0,frozen_thresholds,0.6974347451434578,0
rotation_s1,nme_gt_20_percent,272,r18_seed0,frozen_thresholds,0.616600721567734,0
rotation_s1,detection_failure,22,r18_seed0,frozen_thresholds,0.2849537037037037,8
rotation_s1,nme_le_5_percent,8144,r18_seed0,fixed_0_5,0.696867962021097,0
rotation_s1,nme_5_to_10_percent,10235,r18_seed0,fixed_0_5,0.6888359851115985,0
rotation_s1,nme_10_to_20_percent,1289,r18_seed0,fixed_0_5,0.6394301902143464,0
rotation_s1,nme_gt_20_percent,272,r18_seed0,fixed_0_5,0.5205366156483853,0
rotation_s1,detection_failure,22,r18_seed0,fixed_0_5,0.2984834244702666,8
rotation_s1,nme_le_5_percent,8144,r50_seed0,frozen_thresholds,0.7468407033826873,0
rotation_s1,nme_5_to_10_percent,10235,r50_seed0,frozen_thresholds,0.7353348742935265,0
rotation_s1,nme_10_to_20_percent,1289,r50_seed0,frozen_thresholds,0.6823701269499237,0
rotation_s1,nme_gt_20_percent,272,r50_seed0,frozen_thresholds,0.5857573245197699,0
rotation_s1,detection_failure,22,r50_seed0,frozen_thresholds,0.30703320802005013,8
rotation_s1,nme_le_5_percent,8144,r50_seed0,fixed_0_5,0.6935974309597727,0
rotation_s1,nme_5_to_10_percent,10235,r50_seed0,fixed_0_5,0.6849211467860229,0
rotation_s1,nme_10_to_20_percent,1289,r50_seed0,fixed_0_5,0.6273011925836285,0
rotation_s1,nme_gt_20_percent,272,r50_seed0,fixed_0_5,0.5110729448656891,0
rotation_s1,detection_failure,22,r50_seed0,fixed_0_5,0.33082469431153644,8
rotation_s1,nme_le_5_percent,8144,m3_seed0,frozen_thresholds,0.7494442621079047,0
rotation_s1,nme_5_to_10_percent,10235,m3_seed0,frozen_thresholds,0.7382226736624969,0
rotation_s1,nme_10_to_20_percent,1289,m3_seed0,frozen_thresholds,0.6959359552113069,0
rotation_s1,nme_gt_20_percent,272,m3_seed0,frozen_thresholds,0.6180567566155085,0
rotation_s1,detection_failure,22,m3_seed0,frozen_thresholds,0.27373294346978555,8
rotation_s1,nme_le_5_percent,8144,m3_seed0,fixed_0_5,0.7175330525685997,0
rotation_s1,nme_5_to_10_percent,10235,m3_seed0,fixed_0_5,0.7053837665249656,0
rotation_s1,nme_10_to_20_percent,1289,m3_seed0,fixed_0_5,0.6552198126201431,0
rotation_s1,nme_gt_20_percent,272,m3_seed0,fixed_0_5,0.5588244400126752,0
rotation_s1,detection_failure,22,m3_seed0,fixed_0_5,0.29161556036556036,8
rotation_s1,nme_le_5_percent,8144,oracle_seed0,frozen_thresholds,0.7482732690746853,0
rotation_s1,nme_5_to_10_percent,10235,oracle_seed0,frozen_thresholds,0.7356156824821203,0
rotation_s1,nme_10_to_20_percent,1289,oracle_seed0,frozen_thresholds,0.688435161379406,0
rotation_s1,nme_gt_20_percent,272,oracle_seed0,frozen_thresholds,0.6342519728748545,0
rotation_s1,detection_failure,22,oracle_seed0,frozen_thresholds,0.2571451258951259,8
rotation_s1,nme_le_5_percent,8144,oracle_seed0,fixed_0_5,0.7219413605085977,0
rotation_s1,nme_5_to_10_percent,10235,oracle_seed0,fixed_0_5,0.7102166910394824,0
rotation_s1,nme_10_to_20_percent,1289,oracle_seed0,fixed_0_5,0.6619038485643571,0
rotation_s1,nme_gt_20_percent,272,oracle_seed0,fixed_0_5,0.5760265490955919,0
rotation_s1,detection_failure,22,oracle_seed0,fixed_0_5,0.24950396825396823,8
rotation_s2,nme_le_5_percent,7953,r18_seed0,frozen_thresholds,0.7234319406356207,0
rotation_s2,nme_5_to_10_percent,10264,r18_seed0,frozen_thresholds,0.7190480773373125,0
rotation_s2,nme_10_to_20_percent,1430,r18_seed0,frozen_thresholds,0.6782466059180172,0
rotation_s2,nme_gt_20_percent,289,r18_seed0,frozen_thresholds,0.593896510851947,0
rotation_s2,detection_failure,26,r18_seed0,frozen_thresholds,0.3970020325203252,4
rotation_s2,nme_le_5_percent,7953,r18_seed0,fixed_0_5,0.6512643266047128,0
rotation_s2,nme_5_to_10_percent,10264,r18_seed0,fixed_0_5,0.648098053517302,0
rotation_s2,nme_10_to_20_percent,1430,r18_seed0,fixed_0_5,0.6003129327456104,0
rotation_s2,nme_gt_20_percent,289,r18_seed0,fixed_0_5,0.5116923668943673,0
rotation_s2,detection_failure,26,r18_seed0,fixed_0_5,0.36495016611295683,4
rotation_s2,nme_le_5_percent,7953,r50_seed0,frozen_thresholds,0.7206335561589302,0
rotation_s2,nme_5_to_10_percent,10264,r50_seed0,frozen_thresholds,0.7149216652392255,0
rotation_s2,nme_10_to_20_percent,1430,r50_seed0,frozen_thresholds,0.6685441104864225,0
rotation_s2,nme_gt_20_percent,289,r50_seed0,frozen_thresholds,0.5705284954770625,0
rotation_s2,detection_failure,26,r50_seed0,frozen_thresholds,0.4063192137320044,4
rotation_s2,nme_le_5_percent,7953,r50_seed0,fixed_0_5,0.6568487152950976,0
rotation_s2,nme_5_to_10_percent,10264,r50_seed0,fixed_0_5,0.6499884827377316,0
rotation_s2,nme_10_to_20_percent,1430,r50_seed0,fixed_0_5,0.6024265439059737,0
rotation_s2,nme_gt_20_percent,289,r50_seed0,fixed_0_5,0.5180967859301225,0
rotation_s2,detection_failure,26,r50_seed0,fixed_0_5,0.39014857881136944,4
rotation_s2,nme_le_5_percent,7953,m3_seed0,frozen_thresholds,0.723659976155031,0
rotation_s2,nme_5_to_10_percent,10264,m3_seed0,frozen_thresholds,0.7226669476795315,0
rotation_s2,nme_10_to_20_percent,1430,m3_seed0,frozen_thresholds,0.683456097388165,0
rotation_s2,nme_gt_20_percent,289,m3_seed0,frozen_thresholds,0.5942508028714709,0
rotation_s2,detection_failure,26,m3_seed0,frozen_thresholds,0.40523696264975334,4
rotation_s2,nme_le_5_percent,7953,m3_seed0,fixed_0_5,0.6833876192897513,0
rotation_s2,nme_5_to_10_percent,10264,m3_seed0,fixed_0_5,0.6808848712301728,0
rotation_s2,nme_10_to_20_percent,1430,m3_seed0,fixed_0_5,0.6384025702103097,0
rotation_s2,nme_gt_20_percent,289,m3_seed0,fixed_0_5,0.5312247756413031,0
rotation_s2,detection_failure,26,m3_seed0,fixed_0_5,0.43377231618510687,4
rotation_s2,nme_le_5_percent,7953,oracle_seed0,frozen_thresholds,0.7108808322633938,0
rotation_s2,nme_5_to_10_percent,10264,oracle_seed0,frozen_thresholds,0.7098845648420378,0
rotation_s2,nme_10_to_20_percent,1430,oracle_seed0,frozen_thresholds,0.6735728166425307,0
rotation_s2,nme_gt_20_percent,289,oracle_seed0,frozen_thresholds,0.5771864631407099,0
rotation_s2,detection_failure,26,oracle_seed0,frozen_thresholds,0.4203576741686497,4
rotation_s2,nme_le_5_percent,7953,oracle_seed0,fixed_0_5,0.6740291511113302,0
rotation_s2,nme_5_to_10_percent,10264,oracle_seed0,fixed_0_5,0.6718896005772761,0
rotation_s2,nme_10_to_20_percent,1430,oracle_seed0,fixed_0_5,0.6228751541541415,0
rotation_s2,nme_gt_20_percent,289,oracle_seed0,fixed_0_5,0.5440929817578083,0
rotation_s2,detection_failure,26,oracle_seed0,fixed_0_5,0.4672058491418247,4
rotation_s3,nme_le_5_percent,7299,r18_seed0,frozen_thresholds,0.6846999188228979,0
rotation_s3,nme_5_to_10_percent,10563,r18_seed0,frozen_thresholds,0.6828607428891186,0
rotation_s3,nme_10_to_20_percent,1707,r18_seed0,frozen_thresholds,0.6474177137862066,0
rotation_s3,nme_gt_20_percent,357,r18_seed0,frozen_thresholds,0.5485386403121743,0
rotation_s3,detection_failure,36,r18_seed0,frozen_thresholds,0.44437657446132023,3
rotation_s3,nme_le_5_percent,7299,r18_seed0,fixed_0_5,0.6052208958451272,0
rotation_s3,nme_5_to_10_percent,10563,r18_seed0,fixed_0_5,0.6038561232116626,0
rotation_s3,nme_10_to_20_percent,1707,r18_seed0,fixed_0_5,0.5657475067288448,0
rotation_s3,nme_gt_20_percent,357,r18_seed0,fixed_0_5,0.46478510556698654,0
rotation_s3,detection_failure,36,r18_seed0,fixed_0_5,0.40701420998552146,3
rotation_s3,nme_le_5_percent,7299,r50_seed0,frozen_thresholds,0.6805202284813197,0
rotation_s3,nme_5_to_10_percent,10563,r50_seed0,frozen_thresholds,0.6772728470676092,0
rotation_s3,nme_10_to_20_percent,1707,r50_seed0,frozen_thresholds,0.6358121725231827,0
rotation_s3,nme_gt_20_percent,357,r50_seed0,frozen_thresholds,0.554827743623289,0
rotation_s3,detection_failure,36,r50_seed0,frozen_thresholds,0.3781095498308613,3
rotation_s3,nme_le_5_percent,7299,r50_seed0,fixed_0_5,0.6049980042125201,0
rotation_s3,nme_5_to_10_percent,10563,r50_seed0,fixed_0_5,0.6017701369771781,0
rotation_s3,nme_10_to_20_percent,1707,r50_seed0,fixed_0_5,0.5583192499447386,0
rotation_s3,nme_gt_20_percent,357,r50_seed0,fixed_0_5,0.46576032717091165,0
rotation_s3,detection_failure,36,r50_seed0,fixed_0_5,0.3559363540157259,3
rotation_s3,nme_le_5_percent,7299,m3_seed0,frozen_thresholds,0.7027169111138921,0
rotation_s3,nme_5_to_10_percent,10563,m3_seed0,frozen_thresholds,0.6969899098005522,0
rotation_s3,nme_10_to_20_percent,1707,m3_seed0,frozen_thresholds,0.6610455986297261,0
rotation_s3,nme_gt_20_percent,357,m3_seed0,frozen_thresholds,0.6009969128898056,0
rotation_s3,detection_failure,36,m3_seed0,frozen_thresholds,0.47721087392140027,3
rotation_s3,nme_le_5_percent,7299,m3_seed0,fixed_0_5,0.6494061606758136,0
rotation_s3,nme_5_to_10_percent,10563,m3_seed0,fixed_0_5,0.6465740972288013,0
rotation_s3,nme_10_to_20_percent,1707,m3_seed0,fixed_0_5,0.6059926712325242,0
rotation_s3,nme_gt_20_percent,357,m3_seed0,fixed_0_5,0.5157582303221488,0
rotation_s3,detection_failure,36,m3_seed0,fixed_0_5,0.38992935423020175,3
rotation_s3,nme_le_5_percent,7299,oracle_seed0,frozen_thresholds,0.6726015899781732,0
rotation_s3,nme_5_to_10_percent,10563,oracle_seed0,frozen_thresholds,0.6733587278745103,0
rotation_s3,nme_10_to_20_percent,1707,oracle_seed0,frozen_thresholds,0.6371674235930437,0
rotation_s3,nme_gt_20_percent,357,oracle_seed0,frozen_thresholds,0.5507111213483306,0
rotation_s3,detection_failure,36,oracle_seed0,frozen_thresholds,0.46849257950395323,3
rotation_s3,nme_le_5_percent,7299,oracle_seed0,fixed_0_5,0.6259254541027949,0
rotation_s3,nme_5_to_10_percent,10563,oracle_seed0,fixed_0_5,0.6232783009650604,0
rotation_s3,nme_10_to_20_percent,1707,oracle_seed0,fixed_0_5,0.5835460649213196,0
rotation_s3,nme_gt_20_percent,357,oracle_seed0,fixed_0_5,0.48955464671293125,0
rotation_s3,detection_failure,36,oracle_seed0,fixed_0_5,0.4732826749274118,3
rotation_s4,nme_le_5_percent,5976,r18_seed0,frozen_thresholds,0.6409935638614868,0
rotation_s4,nme_5_to_10_percent,11300,r18_seed0,frozen_thresholds,0.6435975163456813,0
rotation_s4,nme_10_to_20_percent,2157,r18_seed0,frozen_thresholds,0.614659573477938,0
rotation_s4,nme_gt_20_percent,480,r18_seed0,frozen_thresholds,0.5326758787891019,0
rotation_s4,detection_failure,49,r18_seed0,frozen_thresholds,0.3635795977901241,2
rotation_s4,nme_le_5_percent,5976,r18_seed0,fixed_0_5,0.5648164308646874,0
rotation_s4,nme_5_to_10_percent,11300,r18_seed0,fixed_0_5,0.5607092828050512,0
rotation_s4,nme_10_to_20_percent,2157,r18_seed0,fixed_0_5,0.5301898836536862,0
rotation_s4,nme_gt_20_percent,480,r18_seed0,fixed_0_5,0.4457087693198864,0
rotation_s4,detection_failure,49,r18_seed0,fixed_0_5,0.3354196169918618,2
rotation_s4,nme_le_5_percent,5976,r50_seed0,frozen_thresholds,0.6435812454375966,0
rotation_s4,nme_5_to_10_percent,11300,r50_seed0,frozen_thresholds,0.6437897215560152,0
rotation_s4,nme_10_to_20_percent,2157,r50_seed0,frozen_thresholds,0.6006606663681314,0
rotation_s4,nme_gt_20_percent,480,r50_seed0,frozen_thresholds,0.5381287628324974,0
rotation_s4,detection_failure,49,r50_seed0,frozen_thresholds,0.3533122060855727,2
rotation_s4,nme_le_5_percent,5976,r50_seed0,fixed_0_5,0.5662939392742673,0
rotation_s4,nme_5_to_10_percent,11300,r50_seed0,fixed_0_5,0.5564847073425899,0
rotation_s4,nme_10_to_20_percent,2157,r50_seed0,fixed_0_5,0.5235223420152822,0
rotation_s4,nme_gt_20_percent,480,r50_seed0,fixed_0_5,0.4465459870811248,0
rotation_s4,detection_failure,49,r50_seed0,fixed_0_5,0.33115010797782707,2
rotation_s4,nme_le_5_percent,5976,m3_seed0,frozen_thresholds,0.6646991058377304,0
rotation_s4,nme_5_to_10_percent,11300,m3_seed0,frozen_thresholds,0.6690233971036355,0
rotation_s4,nme_10_to_20_percent,2157,m3_seed0,frozen_thresholds,0.6337291526702704,0
rotation_s4,nme_gt_20_percent,480,m3_seed0,frozen_thresholds,0.5399677888073736,0
rotation_s4,detection_failure,49,m3_seed0,frozen_thresholds,0.36473937665785755,2
rotation_s4,nme_le_5_percent,5976,m3_seed0,fixed_0_5,0.605969489068367,0
rotation_s4,nme_5_to_10_percent,11300,m3_seed0,fixed_0_5,0.6038710129021739,0
rotation_s4,nme_10_to_20_percent,2157,m3_seed0,fixed_0_5,0.5671679599463536,0
rotation_s4,nme_gt_20_percent,480,m3_seed0,fixed_0_5,0.47079305820311496,0
rotation_s4,detection_failure,49,m3_seed0,fixed_0_5,0.3306836073283442,2
rotation_s4,nme_le_5_percent,5976,oracle_seed0,frozen_thresholds,0.6264178137125561,0
rotation_s4,nme_5_to_10_percent,11300,oracle_seed0,frozen_thresholds,0.6317848993418774,0
rotation_s4,nme_10_to_20_percent,2157,oracle_seed0,frozen_thresholds,0.5982829916960235,0
rotation_s4,nme_gt_20_percent,480,oracle_seed0,frozen_thresholds,0.5169018489265746,0
rotation_s4,detection_failure,49,oracle_seed0,frozen_thresholds,0.3785242322017805,2
rotation_s4,nme_le_5_percent,5976,oracle_seed0,fixed_0_5,0.570545468142538,0
rotation_s4,nme_5_to_10_percent,11300,oracle_seed0,fixed_0_5,0.5764191729596754,0
rotation_s4,nme_10_to_20_percent,2157,oracle_seed0,fixed_0_5,0.535597059616574,0
rotation_s4,nme_gt_20_percent,480,oracle_seed0,fixed_0_5,0.44946413965199367,0
rotation_s4,detection_failure,49,oracle_seed0,fixed_0_5,0.33951171909931505,2
occlusion_s1,nme_le_5_percent,546,r18_seed0,frozen_thresholds,0.6924523864142514,0
occlusion_s1,nme_5_to_10_percent,7193,r18_seed0,frozen_thresholds,0.7276578412525598,0
occlusion_s1,nme_10_to_20_percent,9123,r18_seed0,frozen_thresholds,0.7289939684304692,0
occlusion_s1,nme_gt_20_percent,2942,r18_seed0,frozen_thresholds,0.6882363830920988,0
occlusion_s1,detection_failure,158,r18_seed0,frozen_thresholds,0.47135221568730196,2
occlusion_s1,nme_le_5_percent,546,r18_seed0,fixed_0_5,0.6734720156445634,0
occlusion_s1,nme_5_to_10_percent,7193,r18_seed0,fixed_0_5,0.6903950030227864,0
occlusion_s1,nme_10_to_20_percent,9123,r18_seed0,fixed_0_5,0.6844459268374244,0
occlusion_s1,nme_gt_20_percent,2942,r18_seed0,fixed_0_5,0.6428585033363308,0
occlusion_s1,detection_failure,158,r18_seed0,fixed_0_5,0.4369944056823303,2
occlusion_s1,nme_le_5_percent,546,r50_seed0,frozen_thresholds,0.696108376033202,0
occlusion_s1,nme_5_to_10_percent,7193,r50_seed0,frozen_thresholds,0.7274137184769667,0
occlusion_s1,nme_10_to_20_percent,9123,r50_seed0,frozen_thresholds,0.7215800857946425,0
occlusion_s1,nme_gt_20_percent,2942,r50_seed0,frozen_thresholds,0.6858725657426811,0
occlusion_s1,detection_failure,158,r50_seed0,frozen_thresholds,0.46311319451303756,2
occlusion_s1,nme_le_5_percent,546,r50_seed0,fixed_0_5,0.6728189121120978,0
occlusion_s1,nme_5_to_10_percent,7193,r50_seed0,fixed_0_5,0.6869579878881402,0
occlusion_s1,nme_10_to_20_percent,9123,r50_seed0,fixed_0_5,0.6768495467555988,0
occlusion_s1,nme_gt_20_percent,2942,r50_seed0,fixed_0_5,0.6280282447726456,0
occlusion_s1,detection_failure,158,r50_seed0,fixed_0_5,0.4165451943697745,2
occlusion_s1,nme_le_5_percent,546,m3_seed0,frozen_thresholds,0.6905795516366225,0
occlusion_s1,nme_5_to_10_percent,7193,m3_seed0,frozen_thresholds,0.7136044954087267,0
occlusion_s1,nme_10_to_20_percent,9123,m3_seed0,frozen_thresholds,0.7137808006978356,0
occlusion_s1,nme_gt_20_percent,2942,m3_seed0,frozen_thresholds,0.6752002092929125,0
occlusion_s1,detection_failure,158,m3_seed0,frozen_thresholds,0.4550823705463705,2
occlusion_s1,nme_le_5_percent,546,m3_seed0,fixed_0_5,0.6615075566628693,0
occlusion_s1,nme_5_to_10_percent,7193,m3_seed0,fixed_0_5,0.6836021075522739,0
occlusion_s1,nme_10_to_20_percent,9123,m3_seed0,fixed_0_5,0.679874819076194,0
occlusion_s1,nme_gt_20_percent,2942,m3_seed0,fixed_0_5,0.6426341546314929,0
occlusion_s1,detection_failure,158,m3_seed0,fixed_0_5,0.41868595356568755,2
occlusion_s1,nme_le_5_percent,546,oracle_seed0,frozen_thresholds,0.6975897364905618,0
occlusion_s1,nme_5_to_10_percent,7193,oracle_seed0,frozen_thresholds,0.7164419920571667,0
occlusion_s1,nme_10_to_20_percent,9123,oracle_seed0,frozen_thresholds,0.7147592082737981,0
occlusion_s1,nme_gt_20_percent,2942,oracle_seed0,frozen_thresholds,0.6737880751140993,0
occlusion_s1,detection_failure,158,oracle_seed0,frozen_thresholds,0.4460856583980637,2
occlusion_s1,nme_le_5_percent,546,oracle_seed0,fixed_0_5,0.6766326675164596,0
occlusion_s1,nme_5_to_10_percent,7193,oracle_seed0,fixed_0_5,0.697055401069096,0
occlusion_s1,nme_10_to_20_percent,9123,oracle_seed0,fixed_0_5,0.6930708884333262,0
occlusion_s1,nme_gt_20_percent,2942,oracle_seed0,fixed_0_5,0.6504142415956037,0
occlusion_s1,detection_failure,158,oracle_seed0,fixed_0_5,0.4136820248602215,2
occlusion_s2,nme_le_5_percent,340,r18_seed0,frozen_thresholds,0.5749792927559728,0
occlusion_s2,nme_5_to_10_percent,4261,r18_seed0,frozen_thresholds,0.5798586922858101,0
occlusion_s2,nme_10_to_20_percent,10100,r18_seed0,frozen_thresholds,0.5923399213852063,0
occlusion_s2,nme_gt_20_percent,4247,r18_seed0,frozen_thresholds,0.5694172493969547,0
occlusion_s2,detection_failure,1014,r18_seed0,frozen_thresholds,0.4831728353060402,0
occlusion_s2,nme_le_5_percent,340,r18_seed0,fixed_0_5,0.5567542728457713,0
occlusion_s2,nme_5_to_10_percent,4261,r18_seed0,fixed_0_5,0.5451385595174916,0
occlusion_s2,nme_10_to_20_percent,10100,r18_seed0,fixed_0_5,0.5616045237042568,0
occlusion_s2,nme_gt_20_percent,4247,r18_seed0,fixed_0_5,0.5396099171859373,0
occlusion_s2,detection_failure,1014,r18_seed0,fixed_0_5,0.43477658373094713,0
occlusion_s2,nme_le_5_percent,340,r50_seed0,frozen_thresholds,0.5661049559090858,0
occlusion_s2,nme_5_to_10_percent,4261,r50_seed0,frozen_thresholds,0.5780571963299656,0
occlusion_s2,nme_10_to_20_percent,10100,r50_seed0,frozen_thresholds,0.5972790179978132,0
occlusion_s2,nme_gt_20_percent,4247,r50_seed0,frozen_thresholds,0.5864504631836361,0
occlusion_s2,detection_failure,1014,r50_seed0,frozen_thresholds,0.4851927419166014,0
occlusion_s2,nme_le_5_percent,340,r50_seed0,fixed_0_5,0.5437975287800392,0
occlusion_s2,nme_5_to_10_percent,4261,r50_seed0,fixed_0_5,0.5455515833286737,0
occlusion_s2,nme_10_to_20_percent,10100,r50_seed0,fixed_0_5,0.5599041292365847,0
occlusion_s2,nme_gt_20_percent,4247,r50_seed0,fixed_0_5,0.5433465367760033,0
occlusion_s2,detection_failure,1014,r50_seed0,fixed_0_5,0.4550954076970087,0
occlusion_s2,nme_le_5_percent,340,m3_seed0,frozen_thresholds,0.5605367148319781,0
occlusion_s2,nme_5_to_10_percent,4261,m3_seed0,frozen_thresholds,0.5501172742378305,0
occlusion_s2,nme_10_to_20_percent,10100,m3_seed0,frozen_thresholds,0.5678775509129538,0
occlusion_s2,nme_gt_20_percent,4247,m3_seed0,frozen_thresholds,0.557092689560932,0
occlusion_s2,detection_failure,1014,m3_seed0,frozen_thresholds,0.464888722495012,0
occlusion_s2,nme_le_5_percent,340,m3_seed0,fixed_0_5,0.5337160102882703,0
occlusion_s2,nme_5_to_10_percent,4261,m3_seed0,fixed_0_5,0.5238660651986345,0
occlusion_s2,nme_10_to_20_percent,10100,m3_seed0,fixed_0_5,0.5420301703236358,0
occlusion_s2,nme_gt_20_percent,4247,m3_seed0,fixed_0_5,0.5281064411939907,0
occlusion_s2,detection_failure,1014,m3_seed0,fixed_0_5,0.4418139859862973,0
occlusion_s2,nme_le_5_percent,340,oracle_seed0,frozen_thresholds,0.5683181215848738,0
occlusion_s2,nme_5_to_10_percent,4261,oracle_seed0,frozen_thresholds,0.5665183515410513,0
occlusion_s2,nme_10_to_20_percent,10100,oracle_seed0,frozen_thresholds,0.5776847312330397,0
occlusion_s2,nme_gt_20_percent,4247,oracle_seed0,frozen_thresholds,0.5546158927071394,0
occlusion_s2,detection_failure,1014,oracle_seed0,frozen_thresholds,0.4789798389793374,0
occlusion_s2,nme_le_5_percent,340,oracle_seed0,fixed_0_5,0.5617309987549302,0
occlusion_s2,nme_5_to_10_percent,4261,oracle_seed0,fixed_0_5,0.5558912822748083,0
occlusion_s2,nme_10_to_20_percent,10100,oracle_seed0,fixed_0_5,0.5636296236988576,0
occlusion_s2,nme_gt_20_percent,4247,oracle_seed0,fixed_0_5,0.5334570065000274,0
occlusion_s2,detection_failure,1014,oracle_seed0,fixed_0_5,0.4468302324717879,0
occlusion_s3,nme_le_5_percent,148,r18_seed0,frozen_thresholds,0.5081550926303414,0
occlusion_s3,nme_5_to_10_percent,4470,r18_seed0,frozen_thresholds,0.5205768198461853,0
occlusion_s3,nme_10_to_20_percent,10511,r18_seed0,frozen_thresholds,0.5195184730136295,0
occlusion_s3,nme_gt_20_percent,2815,r18_seed0,frozen_thresholds,0.501508504460885,0
occlusion_s3,detection_failure,2018,r18_seed0,frozen_thresholds,0.45593078799325837,0
occlusion_s3,nme_le_5_percent,148,r18_seed0,fixed_0_5,0.4656733482735967,0
occlusion_s3,nme_5_to_10_percent,4470,r18_seed0,fixed_0_5,0.4580745213081692,0
occlusion_s3,nme_10_to_20_percent,10511,r18_seed0,fixed_0_5,0.4538814662807736,0
occlusion_s3,nme_gt_20_percent,2815,r18_seed0,fixed_0_5,0.4368351107607243,0
occlusion_s3,detection_failure,2018,r18_seed0,fixed_0_5,0.3884549664982388,0
occlusion_s3,nme_le_5_percent,148,r50_seed0,frozen_thresholds,0.5036773723037588,0
occlusion_s3,nme_5_to_10_percent,4470,r50_seed0,frozen_thresholds,0.5209301384814098,0
occlusion_s3,nme_10_to_20_percent,10511,r50_seed0,frozen_thresholds,0.5205512979074167,0
occlusion_s3,nme_gt_20_percent,2815,r50_seed0,frozen_thresholds,0.5011748070902373,0
occlusion_s3,detection_failure,2018,r50_seed0,frozen_thresholds,0.46160230337209734,0
occlusion_s3,nme_le_5_percent,148,r50_seed0,fixed_0_5,0.4712855950641613,0
occlusion_s3,nme_5_to_10_percent,4470,r50_seed0,fixed_0_5,0.47284956442680687,0
occlusion_s3,nme_10_to_20_percent,10511,r50_seed0,fixed_0_5,0.4675500944229414,0
occlusion_s3,nme_gt_20_percent,2815,r50_seed0,fixed_0_5,0.4440969750598896,0
occlusion_s3,detection_failure,2018,r50_seed0,fixed_0_5,0.4101784822738404,0
occlusion_s3,nme_le_5_percent,148,m3_seed0,frozen_thresholds,0.5017507147598749,0
occlusion_s3,nme_5_to_10_percent,4470,m3_seed0,frozen_thresholds,0.4984383948757287,0
occlusion_s3,nme_10_to_20_percent,10511,m3_seed0,frozen_thresholds,0.4931885008768128,0
occlusion_s3,nme_gt_20_percent,2815,m3_seed0,frozen_thresholds,0.4782799402532308,0
occlusion_s3,detection_failure,2018,m3_seed0,frozen_thresholds,0.4316152444335231,0
occlusion_s3,nme_le_5_percent,148,m3_seed0,fixed_0_5,0.46008399611758644,0
occlusion_s3,nme_5_to_10_percent,4470,m3_seed0,fixed_0_5,0.46177821473859865,0
occlusion_s3,nme_10_to_20_percent,10511,m3_seed0,fixed_0_5,0.45710877288997437,0
occlusion_s3,nme_gt_20_percent,2815,m3_seed0,fixed_0_5,0.44032966279695746,0
occlusion_s3,detection_failure,2018,m3_seed0,fixed_0_5,0.39571268031447926,0
occlusion_s3,nme_le_5_percent,148,oracle_seed0,frozen_thresholds,0.503849252783977,0
occlusion_s3,nme_5_to_10_percent,4470,oracle_seed0,frozen_thresholds,0.513417404660052,0
occlusion_s3,nme_10_to_20_percent,10511,oracle_seed0,frozen_thresholds,0.5113334716982679,0
occlusion_s3,nme_gt_20_percent,2815,oracle_seed0,frozen_thresholds,0.48871789610201066,0
occlusion_s3,detection_failure,2018,oracle_seed0,frozen_thresholds,0.4501509969159363,0
occlusion_s3,nme_le_5_percent,148,oracle_seed0,fixed_0_5,0.46802161349201454,0
occlusion_s3,nme_5_to_10_percent,4470,oracle_seed0,fixed_0_5,0.48247042384088723,0
occlusion_s3,nme_10_to_20_percent,10511,oracle_seed0,fixed_0_5,0.4763103160518811,0
occlusion_s3,nme_gt_20_percent,2815,oracle_seed0,fixed_0_5,0.4503306992565627,0
occlusion_s3,detection_failure,2018,oracle_seed0,fixed_0_5,0.40900194526465256,0
occlusion_s4,nme_le_5_percent,15,r18_seed0,frozen_thresholds,0.3924206349206349,6
occlusion_s4,nme_5_to_10_percent,1129,r18_seed0,frozen_thresholds,0.4597307969084709,0
occlusion_s4,nme_10_to_20_percent,7766,r18_seed0,frozen_thresholds,0.44502106226953925,0
occlusion_s4,nme_gt_20_percent,6898,r18_seed0,frozen_thresholds,0.42877659063690104,0
occlusion_s4,detection_failure,4154,r18_seed0,frozen_thresholds,0.40935897321178466,0
occlusion_s4,nme_le_5_percent,15,r18_seed0,fixed_0_5,0.30097610722610724,6
occlusion_s4,nme_5_to_10_percent,1129,r18_seed0,fixed_0_5,0.3914211678638601,0
occlusion_s4,nme_10_to_20_percent,7766,r18_seed0,fixed_0_5,0.3889194152823781,0
occlusion_s4,nme_gt_20_percent,6898,r18_seed0,fixed_0_5,0.3706982912093153,0
occlusion_s4,detection_failure,4154,r18_seed0,fixed_0_5,0.3587276885331902,0
occlusion_s4,nme_le_5_percent,15,r50_seed0,frozen_thresholds,0.3677960927960928,6
occlusion_s4,nme_5_to_10_percent,1129,r50_seed0,frozen_thresholds,0.43537732549811575,0
occlusion_s4,nme_10_to_20_percent,7766,r50_seed0,frozen_thresholds,0.4253114421661867,0
occlusion_s4,nme_gt_20_percent,6898,r50_seed0,frozen_thresholds,0.40890125021012813,0
occlusion_s4,detection_failure,4154,r50_seed0,frozen_thresholds,0.3905828963916713,0
occlusion_s4,nme_le_5_percent,15,r50_seed0,fixed_0_5,0.3647283272283272,6
occlusion_s4,nme_5_to_10_percent,1129,r50_seed0,fixed_0_5,0.3886667069937844,0
occlusion_s4,nme_10_to_20_percent,7766,r50_seed0,fixed_0_5,0.38588256857144615,0
occlusion_s4,nme_gt_20_percent,6898,r50_seed0,fixed_0_5,0.36964678199112805,0
occlusion_s4,detection_failure,4154,r50_seed0,fixed_0_5,0.3529934659943848,0
occlusion_s4,nme_le_5_percent,15,m3_seed0,frozen_thresholds,0.3877816627816628,6
occlusion_s4,nme_5_to_10_percent,1129,m3_seed0,frozen_thresholds,0.41967019881137807,0
occlusion_s4,nme_10_to_20_percent,7766,m3_seed0,frozen_thresholds,0.4106759081325344,0
occlusion_s4,nme_gt_20_percent,6898,m3_seed0,frozen_thresholds,0.3972393031646626,0
occlusion_s4,detection_failure,4154,m3_seed0,frozen_thresholds,0.38283223071295275,0
occlusion_s4,nme_le_5_percent,15,m3_seed0,fixed_0_5,0.33222610722610724,6
occlusion_s4,nme_5_to_10_percent,1129,m3_seed0,fixed_0_5,0.38720270909590543,0
occlusion_s4,nme_10_to_20_percent,7766,m3_seed0,fixed_0_5,0.38371274391679444,0
occlusion_s4,nme_gt_20_percent,6898,m3_seed0,fixed_0_5,0.3732395123343634,0
occlusion_s4,detection_failure,4154,m3_seed0,fixed_0_5,0.3617625880233226,0
occlusion_s4,nme_le_5_percent,15,oracle_seed0,frozen_thresholds,0.380501443001443,6
occlusion_s4,nme_5_to_10_percent,1129,oracle_seed0,frozen_thresholds,0.4134212724005171,0
occlusion_s4,nme_10_to_20_percent,7766,oracle_seed0,frozen_thresholds,0.40873627844550703,0
occlusion_s4,nme_gt_20_percent,6898,oracle_seed0,frozen_thresholds,0.3977223893113633,0
occlusion_s4,detection_failure,4154,oracle_seed0,frozen_thresholds,0.3867049936747727,0
occlusion_s4,nme_le_5_percent,15,oracle_seed0,fixed_0_5,0.26085858585858585,6
occlusion_s4,nme_5_to_10_percent,1129,oracle_seed0,fixed_0_5,0.36713200309219235,0
occlusion_s4,nme_10_to_20_percent,7766,oracle_seed0,fixed_0_5,0.36822957081807073,0
occlusion_s4,nme_gt_20_percent,6898,oracle_seed0,fixed_0_5,0.3557056923529193,0
occlusion_s4,detection_failure,4154,oracle_seed0,fixed_0_5,0.34796662300976067,0
jpeg_s1,nme_le_5_percent,8126,r18_seed0,frozen_thresholds,0.7634525247529034,0
jpeg_s1,nme_5_to_10_percent,10320,r18_seed0,frozen_thresholds,0.7501626010453162,0
jpeg_s1,nme_10_to_20_percent,1237,r18_seed0,frozen_thresholds,0.7137764815548405,0
jpeg_s1,nme_gt_20_percent,260,r18_seed0,frozen_thresholds,0.6232926049316925,0
jpeg_s1,detection_failure,19,r18_seed0,frozen_thresholds,0.26666666666666666,7
jpeg_s1,nme_le_5_percent,8126,r18_seed0,fixed_0_5,0.7254407333241403,0
jpeg_s1,nme_5_to_10_percent,10320,r18_seed0,fixed_0_5,0.7080971000605961,0
jpeg_s1,nme_10_to_20_percent,1237,r18_seed0,fixed_0_5,0.6547533742288035,0
jpeg_s1,nme_gt_20_percent,260,r18_seed0,fixed_0_5,0.5745340402935519,0
jpeg_s1,detection_failure,19,r18_seed0,fixed_0_5,0.21227678571428574,7
jpeg_s1,nme_le_5_percent,8126,r50_seed0,frozen_thresholds,0.7625688515973841,0
jpeg_s1,nme_5_to_10_percent,10320,r50_seed0,frozen_thresholds,0.7497001159769642,0
jpeg_s1,nme_10_to_20_percent,1237,r50_seed0,frozen_thresholds,0.708437704312343,0
jpeg_s1,nme_gt_20_percent,260,r50_seed0,frozen_thresholds,0.6013300321972498,0
jpeg_s1,detection_failure,19,r50_seed0,frozen_thresholds,0.3108486943164363,7
jpeg_s1,nme_le_5_percent,8126,r50_seed0,fixed_0_5,0.7278949477590354,0
jpeg_s1,nme_5_to_10_percent,10320,r50_seed0,fixed_0_5,0.7091111357247005,0
jpeg_s1,nme_10_to_20_percent,1237,r50_seed0,fixed_0_5,0.662290851761577,0
jpeg_s1,nme_gt_20_percent,260,r50_seed0,fixed_0_5,0.5593249858828101,0
jpeg_s1,detection_failure,19,r50_seed0,fixed_0_5,0.28822964669738865,7
jpeg_s1,nme_le_5_percent,8126,m3_seed0,frozen_thresholds,0.7659563817099292,0
jpeg_s1,nme_5_to_10_percent,10320,m3_seed0,frozen_thresholds,0.7496269177292826,0
jpeg_s1,nme_10_to_20_percent,1237,m3_seed0,frozen_thresholds,0.7078968542484221,0
jpeg_s1,nme_gt_20_percent,260,m3_seed0,frozen_thresholds,0.6328057142196688,0
jpeg_s1,detection_failure,19,m3_seed0,frozen_thresholds,0.2249359959037378,7
jpeg_s1,nme_le_5_percent,8126,m3_seed0,fixed_0_5,0.7388160440560952,0
jpeg_s1,nme_5_to_10_percent,10320,m3_seed0,fixed_0_5,0.7232312593177929,0
jpeg_s1,nme_10_to_20_percent,1237,m3_seed0,fixed_0_5,0.6762280303477587,0
jpeg_s1,nme_gt_20_percent,260,m3_seed0,fixed_0_5,0.5973446247724126,0
jpeg_s1,detection_failure,19,m3_seed0,fixed_0_5,0.1884920634920635,7
jpeg_s1,nme_le_5_percent,8126,oracle_seed0,frozen_thresholds,0.7622173819254968,0
jpeg_s1,nme_5_to_10_percent,10320,oracle_seed0,frozen_thresholds,0.7492362893865797,0
jpeg_s1,nme_10_to_20_percent,1237,oracle_seed0,frozen_thresholds,0.705681794262841,0
jpeg_s1,nme_gt_20_percent,260,oracle_seed0,frozen_thresholds,0.6291935439450206,0
jpeg_s1,detection_failure,19,oracle_seed0,frozen_thresholds,0.23735632183908048,7
jpeg_s1,nme_le_5_percent,8126,oracle_seed0,fixed_0_5,0.7432343967400987,0
jpeg_s1,nme_5_to_10_percent,10320,oracle_seed0,fixed_0_5,0.7249615366516201,0
jpeg_s1,nme_10_to_20_percent,1237,oracle_seed0,fixed_0_5,0.6805974467289287,0
jpeg_s1,nme_gt_20_percent,260,oracle_seed0,fixed_0_5,0.6127520943049242,0
jpeg_s1,detection_failure,19,oracle_seed0,fixed_0_5,0.20198412698412696,7
jpeg_s2,nme_le_5_percent,8090,r18_seed0,frozen_thresholds,0.7599433626411881,0
jpeg_s2,nme_5_to_10_percent,10306,r18_seed0,frozen_thresholds,0.7460965715561277,0
jpeg_s2,nme_10_to_20_percent,1293,r18_seed0,frozen_thresholds,0.6995487282569588,0
jpeg_s2,nme_gt_20_percent,252,r18_seed0,frozen_thresholds,0.6088641989565907,0
jpeg_s2,detection_failure,21,r18_seed0,frozen_thresholds,0.36287878787878786,8
jpeg_s2,nme_le_5_percent,8090,r18_seed0,fixed_0_5,0.7172492663791333,0
jpeg_s2,nme_5_to_10_percent,10306,r18_seed0,fixed_0_5,0.7028681511192105,0
jpeg_s2,nme_10_to_20_percent,1293,r18_seed0,fixed_0_5,0.6487825293100725,0
jpeg_s2,nme_gt_20_percent,252,r18_seed0,fixed_0_5,0.5882548945646634,0
jpeg_s2,detection_failure,21,r18_seed0,fixed_0_5,0.3341269841269841,8
jpeg_s2,nme_le_5_percent,8090,r50_seed0,frozen_thresholds,0.7575269953425919,0
jpeg_s2,nme_5_to_10_percent,10306,r50_seed0,frozen_thresholds,0.7441010014913833,0
jpeg_s2,nme_10_to_20_percent,1293,r50_seed0,frozen_thresholds,0.6954510577194862,0
jpeg_s2,nme_gt_20_percent,252,r50_seed0,frozen_thresholds,0.6238610464477763,0
jpeg_s2,detection_failure,21,r50_seed0,frozen_thresholds,0.3469907407407407,8
jpeg_s2,nme_le_5_percent,8090,r50_seed0,fixed_0_5,0.7183857490016535,0
jpeg_s2,nme_5_to_10_percent,10306,r50_seed0,fixed_0_5,0.7021470381229232,0
jpeg_s2,nme_10_to_20_percent,1293,r50_seed0,fixed_0_5,0.6509744573797325,0
jpeg_s2,nme_gt_20_percent,252,r50_seed0,fixed_0_5,0.5873354810567076,0
jpeg_s2,detection_failure,21,r50_seed0,fixed_0_5,0.3372685185185185,8
jpeg_s2,nme_le_5_percent,8090,m3_seed0,frozen_thresholds,0.7604983093270405,0
jpeg_s2,nme_5_to_10_percent,10306,m3_seed0,frozen_thresholds,0.7449821834508438,0
jpeg_s2,nme_10_to_20_percent,1293,m3_seed0,frozen_thresholds,0.6920718968128465,0
jpeg_s2,nme_gt_20_percent,252,m3_seed0,frozen_thresholds,0.6326815248446126,0
jpeg_s2,detection_failure,21,m3_seed0,frozen_thresholds,0.3188492063492063,8
jpeg_s2,nme_le_5_percent,8090,m3_seed0,fixed_0_5,0.7265430382924998,0
jpeg_s2,nme_5_to_10_percent,10306,m3_seed0,fixed_0_5,0.7130659227501187,0
jpeg_s2,nme_10_to_20_percent,1293,m3_seed0,fixed_0_5,0.6564107128085334,0
jpeg_s2,nme_gt_20_percent,252,m3_seed0,fixed_0_5,0.5913797830218744,0
jpeg_s2,detection_failure,21,m3_seed0,fixed_0_5,0.33881886087768437,8
jpeg_s2,nme_le_5_percent,8090,oracle_seed0,frozen_thresholds,0.7576818256697256,0
jpeg_s2,nme_5_to_10_percent,10306,oracle_seed0,frozen_thresholds,0.7441380397372979,0
jpeg_s2,nme_10_to_20_percent,1293,oracle_seed0,frozen_thresholds,0.6986304028811469,0
jpeg_s2,nme_gt_20_percent,252,oracle_seed0,frozen_thresholds,0.6123426027305887,0
jpeg_s2,detection_failure,21,oracle_seed0,frozen_thresholds,0.32914862914862913,8
jpeg_s2,nme_le_5_percent,8090,oracle_seed0,fixed_0_5,0.7307915964816507,0
jpeg_s2,nme_5_to_10_percent,10306,oracle_seed0,fixed_0_5,0.7156139056995512,0
jpeg_s2,nme_10_to_20_percent,1293,oracle_seed0,fixed_0_5,0.6684632025386854,0
jpeg_s2,nme_gt_20_percent,252,oracle_seed0,fixed_0_5,0.5884275657935326,0
jpeg_s2,detection_failure,21,oracle_seed0,fixed_0_5,0.31899801587301585,8
jpeg_s3,nme_le_5_percent,7976,r18_seed0,frozen_thresholds,0.7378636069196803,0
jpeg_s3,nme_5_to_10_percent,10400,r18_seed0,frozen_thresholds,0.7199961189256442,0
jpeg_s3,nme_10_to_20_percent,1284,r18_seed0,frozen_thresholds,0.6730258126642389,0
jpeg_s3,nme_gt_20_percent,279,r18_seed0,frozen_thresholds,0.6011034212014639,0
jpeg_s3,detection_failure,23,r18_seed0,frozen_thresholds,0.2392857142857143,8
jpeg_s3,nme_le_5_percent,7976,r18_seed0,fixed_0_5,0.6907716603383459,0
jpeg_s3,nme_5_to_10_percent,10400,r18_seed0,fixed_0_5,0.6767013249160838,0
jpeg_s3,nme_10_to_20_percent,1284,r18_seed0,fixed_0_5,0.6268444396521534,0
jpeg_s3,nme_gt_20_percent,279,r18_seed0,fixed_0_5,0.5656150558846429,0
jpeg_s3,detection_failure,23,r18_seed0,fixed_0_5,0.19582289055973265,8
jpeg_s3,nme_le_5_percent,7976,r50_seed0,frozen_thresholds,0.7359381722936567,0
jpeg_s3,nme_5_to_10_percent,10400,r50_seed0,frozen_thresholds,0.720431708991673,0
jpeg_s3,nme_10_to_20_percent,1284,r50_seed0,frozen_thresholds,0.6759315506335066,0
jpeg_s3,nme_gt_20_percent,279,r50_seed0,frozen_thresholds,0.6024906366333681,0
jpeg_s3,detection_failure,23,r50_seed0,frozen_thresholds,0.2884615384615385,8
jpeg_s3,nme_le_5_percent,7976,r50_seed0,fixed_0_5,0.6940753882166527,0
jpeg_s3,nme_5_to_10_percent,10400,r50_seed0,fixed_0_5,0.6763659864173611,0
jpeg_s3,nme_10_to_20_percent,1284,r50_seed0,fixed_0_5,0.628421087921764,0
jpeg_s3,nme_gt_20_percent,279,r50_seed0,fixed_0_5,0.5590215183899975,0
jpeg_s3,detection_failure,23,r50_seed0,fixed_0_5,0.20314407814407817,8
jpeg_s3,nme_le_5_percent,7976,m3_seed0,frozen_thresholds,0.7412345644287385,0
jpeg_s3,nme_5_to_10_percent,10400,m3_seed0,frozen_thresholds,0.7238460332923026,0
jpeg_s3,nme_10_to_20_percent,1284,m3_seed0,frozen_thresholds,0.6723272030289644,0
jpeg_s3,nme_gt_20_percent,279,m3_seed0,frozen_thresholds,0.6002000010058447,0
jpeg_s3,detection_failure,23,m3_seed0,frozen_thresholds,0.19998955722639933,8
jpeg_s3,nme_le_5_percent,7976,m3_seed0,fixed_0_5,0.6971788465970832,0
jpeg_s3,nme_5_to_10_percent,10400,m3_seed0,fixed_0_5,0.6796493732452761,0
jpeg_s3,nme_10_to_20_percent,1284,m3_seed0,fixed_0_5,0.6200451356771634,0
jpeg_s3,nme_gt_20_percent,279,m3_seed0,fixed_0_5,0.5698216528497625,0
jpeg_s3,detection_failure,23,m3_seed0,fixed_0_5,0.16408193908193908,8
jpeg_s3,nme_le_5_percent,7976,oracle_seed0,frozen_thresholds,0.7377917728323489,0
jpeg_s3,nme_5_to_10_percent,10400,oracle_seed0,frozen_thresholds,0.7226052838423759,0
jpeg_s3,nme_10_to_20_percent,1284,oracle_seed0,frozen_thresholds,0.6707830403730798,0
jpeg_s3,nme_gt_20_percent,279,oracle_seed0,frozen_thresholds,0.6130705350206423,0
jpeg_s3,detection_failure,23,oracle_seed0,frozen_thresholds,0.21412037037037038,8
jpeg_s3,nme_le_5_percent,7976,oracle_seed0,fixed_0_5,0.7050344887701142,0
jpeg_s3,nme_5_to_10_percent,10400,oracle_seed0,fixed_0_5,0.6888090238040873,0
jpeg_s3,nme_10_to_20_percent,1284,oracle_seed0,fixed_0_5,0.6399715061463356,0
jpeg_s3,nme_gt_20_percent,279,oracle_seed0,fixed_0_5,0.5778274606216064,0
jpeg_s3,detection_failure,23,oracle_seed0,fixed_0_5,0.1981060606060606,8
jpeg_s4,nme_le_5_percent,6872,r18_seed0,frozen_thresholds,0.6258478400829048,0
jpeg_s4,nme_5_to_10_percent,11205,r18_seed0,frozen_thresholds,0.6109346353877776,0
jpeg_s4,nme_10_to_20_percent,1570,r18_seed0,frozen_thresholds,0.5587652469062669,0
jpeg_s4,nme_gt_20_percent,285,r18_seed0,frozen_thresholds,0.4747106824103479,0
jpeg_s4,detection_failure,30,r18_seed0,frozen_thresholds,0.2813176406926407,7
jpeg_s4,nme_le_5_percent,6872,r18_seed0,fixed_0_5,0.5839954199065182,0
jpeg_s4,nme_5_to_10_percent,11205,r18_seed0,fixed_0_5,0.5621178934470267,0
jpeg_s4,nme_10_to_20_percent,1570,r18_seed0,fixed_0_5,0.49977617042664174,0
jpeg_s4,nme_gt_20_percent,285,r18_seed0,fixed_0_5,0.4020022863938511,0
jpeg_s4,detection_failure,30,r18_seed0,fixed_0_5,0.2709376679964915,7
jpeg_s4,nme_le_5_percent,6872,r50_seed0,frozen_thresholds,0.6273885226796163,0
jpeg_s4,nme_5_to_10_percent,11205,r50_seed0,frozen_thresholds,0.6090801582100783,0
jpeg_s4,nme_10_to_20_percent,1570,r50_seed0,frozen_thresholds,0.5618970580170821,0
jpeg_s4,nme_gt_20_percent,285,r50_seed0,frozen_thresholds,0.425273807507567,0
jpeg_s4,detection_failure,30,r50_seed0,frozen_thresholds,0.35878714961161773,7
jpeg_s4,nme_le_5_percent,6872,r50_seed0,fixed_0_5,0.5546495432221837,0
jpeg_s4,nme_5_to_10_percent,11205,r50_seed0,fixed_0_5,0.5419646511593356,0
jpeg_s4,nme_10_to_20_percent,1570,r50_seed0,fixed_0_5,0.4888088945492806,0
jpeg_s4,nme_gt_20_percent,285,r50_seed0,fixed_0_5,0.3466136289142396,0
jpeg_s4,detection_failure,30,r50_seed0,fixed_0_5,0.3079510767010767,7
jpeg_s4,nme_le_5_percent,6872,m3_seed0,frozen_thresholds,0.6112576936810249,0
jpeg_s4,nme_5_to_10_percent,11205,m3_seed0,frozen_thresholds,0.5867932937535582,0
jpeg_s4,nme_10_to_20_percent,1570,m3_seed0,frozen_thresholds,0.5215534086254433,0
jpeg_s4,nme_gt_20_percent,285,m3_seed0,frozen_thresholds,0.4165008245581101,0
jpeg_s4,detection_failure,30,m3_seed0,frozen_thresholds,0.2700892857142857,7
jpeg_s4,nme_le_5_percent,6872,m3_seed0,fixed_0_5,0.5571416478696487,0
jpeg_s4,nme_5_to_10_percent,11205,m3_seed0,fixed_0_5,0.5365674908405745,0
jpeg_s4,nme_10_to_20_percent,1570,m3_seed0,fixed_0_5,0.47828362916713757,0
jpeg_s4,nme_gt_20_percent,285,m3_seed0,fixed_0_5,0.3627234132523302,0
jpeg_s4,detection_failure,30,m3_seed0,fixed_0_5,0.20614648033126293,7
jpeg_s4,nme_le_5_percent,6872,oracle_seed0,frozen_thresholds,0.6159093040527842,0
jpeg_s4,nme_5_to_10_percent,11205,oracle_seed0,frozen_thresholds,0.5904864793938452,0
jpeg_s4,nme_10_to_20_percent,1570,oracle_seed0,frozen_thresholds,0.5163844681785082,0
jpeg_s4,nme_gt_20_percent,285,oracle_seed0,frozen_thresholds,0.3992209143012028,0
jpeg_s4,detection_failure,30,oracle_seed0,frozen_thresholds,0.2528501716001716,7
jpeg_s4,nme_le_5_percent,6872,oracle_seed0,fixed_0_5,0.5819530326859769,0
jpeg_s4,nme_5_to_10_percent,11205,oracle_seed0,fixed_0_5,0.5546419784923712,0
jpeg_s4,nme_10_to_20_percent,1570,oracle_seed0,fixed_0_5,0.4772571759810253,0
jpeg_s4,nme_gt_20_percent,285,oracle_seed0,fixed_0_5,0.35314465606833645,0
jpeg_s4,detection_failure,30,oracle_seed0,fixed_0_5,0.18443687193687194,7
