condition,model,macro_f1_frozen,macro_f1_at_0_5,map
clean_s0,r18_seed0,0.757701088241938,0.7236470612161572,0.8195870692348152
clean_s0,r50_seed0,0.7560149035041485,0.7239699553867425,0.8192417115755016
clean_s0,m3_seed0,0.7578343612878227,0.737441834784112,0.8196404992128733
clean_s0,oracle_seed0,0.756574582085462,0.7418667460669113,0.82039274979779
blur_s1,r18_seed0,0.7189075462556858,0.6506118004498297,0.8033644093529989
blur_s1,r50_seed0,0.7156562411651507,0.648317100531343,0.80180655719596
blur_s1,m3_seed0,0.70892962182861,0.6606354009547082,0.80612355330158
blur_s1,oracle_seed0,0.7225666733880821,0.6825065483885511,0.8042088523550626
blur_s2,r18_seed0,0.5271409266487729,0.4456579596611505,0.7457326618133746
blur_s2,r50_seed0,0.5318332833998671,0.44487335209523576,0.7497803515809204
blur_s2,m3_seed0,0.5207329846096798,0.4609693856647588,0.7499865980886589
blur_s2,oracle_seed0,0.5497281254522225,0.4911355302251336,0.7454117567633651
blur_s3,r18_seed0,0.3086254666787961,0.25453675845559526,0.6511816609761559
blur_s3,r50_seed0,0.30402535923592017,0.24980484070306117,0.6767572803796312
blur_s3,m3_seed0,0.2791979039309263,0.2424246642816911,0.6571724233476027
blur_s3,oracle_seed0,0.3192320169941416,0.2700440666928578,0.6628280728679098
blur_s4,r18_seed0,0.1590672663096535,0.11555747093637929,0.521953812069225
blur_s4,r50_seed0,0.1761521227615298,0.13601974294625271,0.5847608226702864
blur_s4,m3_seed0,0.12290722628357854,0.10813773915898672,0.5454321312800039
blur_s4,oracle_seed0,0.15260923128021778,0.10996712119408143,0.5606844666792911
brightness_s1,r18_seed0,0.7541492680432832,0.7151150646736495,0.8187516219096546
brightness_s1,r50_seed0,0.7533326684813869,0.7193162587999353,0.8186236951432374
brightness_s1,m3_seed0,0.7548464946568293,0.736633030440923,0.8182989450418067
brightness_s1,oracle_seed0,0.7512886077270885,0.7349298927661664,0.8197717413051802
brightness_s2,r18_seed0,0.74511871376593,0.6965211076808684,0.8144536999772981
brightness_s2,r50_seed0,0.7462619622375438,0.7077892852224362,0.8145805282521832
brightness_s2,m3_seed0,0.7478401839886818,0.7268556731232602,0.8137771856577521
brightness_s2,oracle_seed0,0.7415930527062153,0.717906146091869,0.8155673000334582
brightness_s3,r18_seed0,0.7164401137729387,0.6477552594110804,0.8035192853270713
brightness_s3,r50_seed0,0.7290979011607024,0.6788733852769043,0.8046408147226298
brightness_s3,m3_seed0,0.7252309515615739,0.6928974089384545,0.8019460436293236
brightness_s3,oracle_seed0,0.7146422251913477,0.6732319801292536,0.8042010599115873
brightness_s4,r18_seed0,0.5779749359073406,0.47736783484313544,0.7690217354579018
brightness_s4,r50_seed0,0.6484006850558641,0.5643835969199164,0.7753641545072533
brightness_s4,m3_seed0,0.6009871211675993,0.5321292959274562,0.7591019432371091
brightness_s4,oracle_seed0,0.5888337232270913,0.5185804007725096,0.7651481092992718
rotation_s1,r18_seed0,0.7437277898918454,0.6906737665873875,0.8112169580662157
rotation_s1,r50_seed0,0.7376165845174172,0.686638663381093,0.8102735177602577
rotation_s1,m3_seed0,0.7411826175880134,0.7089462439920542,0.8133454198849931
rotation_s1,oracle_seed0,0.7389372186821245,0.7137910024544286,0.8114942824220668
rotation_s2,r18_seed0,0.7188814060715218,0.6471725767118991,0.7988322677350657
rotation_s2,r50_seed0,0.7145035530429245,0.650602813552294,0.797893063633215
rotation_s2,m3_seed0,0.721718950235009,0.6810477561126271,0.8041395661830938
rotation_s2,oracle_seed0,0.7093531439607856,0.671522161643311,0.7988289839152151
rotation_s3,r18_seed0,0.6822772810966051,0.6030913535136327,0.7850878691004307
rotation_s3,r50_seed0,0.6769713805493001,0.601271220723952,0.7837803476961076
rotation_s3,m3_seed0,0.6982017071873479,0.6472599381108065,0.7941646411882379
rotation_s3,oracle_seed0,0.6728690873356876,0.6237990180341911,0.7848305981520509
rotation_s4,r18_seed0,0.6418658453427976,0.5595957393089216,0.7666531896528003
rotation_s4,r50_seed0,0.6416339562738692,0.5568882383777196,0.7658697078687506
rotation_s4,m3_seed0,0.6658344852625301,0.6027347621066773,0.7785108346658217
rotation_s4,oracle_seed0,0.6287848608730491,0.5721508922526292,0.7667176620965109
occlusion_s1,r18_seed0,0.7236947043709012,0.6828292330873821,0.8024235714936528
occlusion_s1,r50_seed0,0.7197302768156209,0.6759919823598478,0.803879883159497
occlusion_s1,m3_seed0,0.7092406797493931,0.6772332090223836,0.80147717940225
occlusion_s1,oracle_seed0,0.7104302290135909,0.6896466860000768,0.8015083953797086
occlusion_s2,r18_seed0,0.584136434789496,0.5533474034860155,0.747123989065125
occlusion_s2,r50_seed0,0.5900993793720462,0.5543761137152802,0.7556213999571474
occlusion_s2,m3_seed0,0.5619939186625493,0.5359469127840808,0.7476749475093124
occlusion_s2,oracle_seed0,0.5700051391471505,0.5552337139392974,0.7470169912324366
occlusion_s3,r18_seed0,0.5167357183362952,0.45291713561631247,0.6839002283991666
occlusion_s3,r50_seed0,0.5176269840787386,0.4656675608077663,0.684313574000246
occlusion_s3,m3_seed0,0.492080544854663,0.45597375152817793,0.686177785727723
occlusion_s3,oracle_seed0,0.5091306753238123,0.4739688517933068,0.6870568156008341
occlusion_s4,r18_seed0,0.4413479145410206,0.3847357128585734,0.6318118261899827
occlusion_s4,r50_seed0,0.42245293504765496,0.38298213400571085,0.6356011030675234
occlusion_s4,m3_seed0,0.4092764717650507,0.38334870014510364,0.6337132782042998
occlusion_s4,oracle_seed0,0.40862675081786337,0.36763859501479274,0.6210482984348845
jpeg_s1,r18_seed0,0.754178133680905,0.7131324826583465,0.8171482731391951
jpeg_s1,r50_seed0,0.7527440733434125,0.7146216951429457,0.8162205735280109
jpeg_s1,m3_seed0,0.7544587183490621,0.7285800163540944,0.8175242352607355
jpeg_s1,oracle_seed0,0.7528168832834874,0.7313284906776127,0.8173588201286934
jpeg_s2,r18_seed0,0.7496933701966348,0.707135649950262,0.8130885765053173
jpeg_s2,r50_seed0,0.7471357361806795,0.7065803532238447,0.8109152193808965
jpeg_s2,m3_seed0,0.7492472910156599,0.7174675131825001,0.8133712804021563
jpeg_s2,oracle_seed0,0.7479453566519165,0.7202411396802368,0.8123669608922187
jpeg_s3,r18_seed0,0.7251807574816646,0.6810995977604275,0.7994858314499114
jpeg_s3,r50_seed0,0.7244747983747327,0.6814221241670083,0.7969638470796331
jpeg_s3,m3_seed0,0.7290066926500538,0.6851879181491544,0.8003109019835266
jpeg_s3,oracle_seed0,0.7266415682152504,0.6932512428405647,0.7981626208141851
jpeg_s4,r18_seed0,0.6132213754307293,0.5655338103339199,0.7361785335651589
jpeg_s4,r50_seed0,0.6125022310543699,0.5433229211733555,0.7375839184609091
jpeg_s4,m3_seed0,0.5914048496233559,0.5405525468444466,0.7392699191228972
jpeg_s4,oracle_seed0,0.5949333878685373,0.5587753751898549,0.7327287122848021
