epoch,train_loss,valid_loss,macro_f1,map,seconds_excluding_save
1,0.21034588989094902,0.19442650282974602,0.7315374927578701,0.8145059030850453,1712.0864079439998
2,0.18594071867150758,0.19395315787833847,0.7371636651604891,0.8172251484998679,1716.481565125
3,0.1725834227642029,0.19021799704905165,0.7311676785314263,0.8188346601549794,1715.0917914300007
4,0.15593834772240056,0.20095210539251784,0.7391061030900085,0.8139128316505616,1715.7314907419996
5,0.13401944160904514,0.21392853196691408,0.7352913526436012,0.8040576896442881,1716.715480975001
6,0.1090066173827208,0.24088927513085862,0.735797134653553,0.7951611304898014,1716.5988446339998
7,0.08611285514429687,0.274669493005867,0.7220640920166396,0.7884659448000205,1716.3984771169999
8,0.06781592064918117,0.30053862396061565,0.7186070620544013,0.7839446851673176,1719.8683867279997
9,0.054692023773557204,0.3356184747223646,0.7202508918580187,0.7774666692071087,2052.024067536
10,0.04640599709946415,0.36413491981921287,0.7215930097493586,0.7776751730594779,2058.4347306840004
